condition,taxa561,taxa207244,taxa61170,taxa29465,taxa2172,taxa447020,taxa838,taxa244127,taxa836,taxa100883,taxa577310,taxa1357,taxa1378,taxa724,taxa117563,taxa644652,taxa1578,taxa872,taxa40544
crc,,,,,,,3.0909,,,,,,,,,,,,
crc,,,,,,,3.5138,,,,,,,,,,,,
crc,,,,,,,3.5586,0.62613,,,,,,,,,,,
crc,,,,,,,3.32389,,,,,,,,,,,,
crc,,,,,,,,,,,,,,,,,,,
crc,0.21226,0.18285,,,12.0613,,,,,0.03108,0.19094,0.00105,,,,0.0019,0.09419,,
crc,0.15365,0.13892,,,11.7162,,,,,0.01913,0.21895,,,,,0.00273,0.1142,0.0051,
crc,0.24542,0.28551,,,13.1185,,,,,0.03338,0.22229,0.00123,,,,0.00443,0.10604,,
crc,0.14286,0.12228,,,12.2108,,,,,0.01524,0.21367,,,,,0.00724,0.09042,,
crc,,0.17426,,0.00722,0.2527,0.01419,,0.164,,0.02838,0.11366,,,,,,,,
crc,,0.24331,,0.0061,0.27058,0.02159,,0.17245,,0.0341,0.10937,,,,,,,,
crc,,0.21955,,0.0097,0.26974,0.01938,,0.16505,,0.03397,0.11746,,,,,,,,
crc,,0.22179,,0.00664,0.27498,0.02168,,0.15802,,0.02929,0.12721,,,,,,,,
crc,1.19397,0.27861,0.00035,0.01737,0.09109,,0.03085,0.20215,0.02829,,,,0.04018,0.06418,0.00342,,,0.28669,0.00026
crc,1.08432,0.32264,0.0045,0.00885,0.08073,,0.02686,0.29015,0.03764,,,,0.03083,0.06037,0.00424,,,0.2927,0.00182
crc,0.40987,0.03651,,,14.7868,,8.6245,,0.39689,2.16329,,0.06865,2.63381,,0.04015,,,0.05786,
crc,0.54427,0.03246,,,14.4645,,8.84767,0.00145,0.40082,1.29599,,0.0513,2.59697,,0.03357,,,0.07671,
crc,0.50602,0.01498,,,15.2218,0.00071,8.70896,,0.38317,0.6011,,0.06906,2.82706,,0.04577,,,0.07259,
crc,0.58388,0.02317,,,14.4254,,8.30348,0.00153,0.42907,1.8613,,0.04847,2.50391,,0.04677,,,0.06938,
crc,39.0377,,0.04532,1.14471,,,1.54326,,,,,0.64266,,0.027,,,0.52441,0.74627,
crc,40.1252,,0.04528,0.98949,,,1.33135,,,,,0.67199,,0.02207,,,0.53793,0.76811,
crc,44.1031,,0.05939,0.88443,,0.01069,1.19485,,,0.00024,,0.49874,,0.03589,0.01282,,0.55989,0.95369,
crc,,1.01169,0.01684,0.00436,2.40096,0.1262,,,,,,0.004,0.00433,,0.008,0.00737,,,
crc,,1.19284,0.02978,0.00075,2.43674,0.12664,,,,,,,0.00992,,0.01396,0.00616,0.00214,,
crc,,1.11431,0.01879,0.00293,2.44033,0.1342,,,,,,0.00182,0.01854,,0.00801,0.00518,,,
crc,,1.13784,0.02584,0.00268,2.43962,0.1441,,,,,,,0.017,,0.01647,0.00747,,,
crc,42.4702,,,,0.49938,,0.61609,0.01755,0.00441,,0.00673,,,,,,,,
crc,40.8762,,,,0.37144,,0.63812,0.03027,0.00503,,0.00738,,,,,,,,
crc,0.01347,1.60217,0.01501,0.6085,,0.17796,,,,,0.00813,0.08186,0.0502,2.59453,0.03794,0.03177,0.00236,0.0106,
crc,,1.57745,0.02022,0.62434,,0.17258,,,,,0.00186,0.09996,0.04788,2.57388,0.01963,0.01954,0.00769,,
crc,0.08115,1.27812,,0.01328,8.99354,0.37309,,,,,0.08389,0.00235,0.01183,,0.07603,0.00853,0.21068,,
crc,0.0424,1.33555,,0.01824,9.66167,0.32057,,,,,0.0944,,,,0.054,0.00384,0.18625,,
crc,0.71067,,0.01788,,,,0.09209,,,,,,0.34277,0.06649,0.79742,,,,
crc,0.88559,,0.02405,,,,0.08719,,,,,,0.39382,0.03714,0.86059,,,,
crc,0.79188,,0.01685,,,,0.09454,,,,,,0.31523,0.1186,0.83206,,,,
crc,0.78233,,0.03801,,,,0.07386,,,,,,0.30348,0.06295,0.80093,,,,
crc,1.23648,0.09574,,0.05616,,,0.45161,0.02014,,0.01723,,,0.00486,,0.02962,0.00354,0.14061,,
crc,1.27517,0.08654,,0.06137,,,0.43465,0.00474,,0.01958,,,0.00522,,0.03025,0.00401,0.13992,,
crc,0.6418,,,,0.22933,0.00105,39.0888,,0.14758,,,0.03617,,,,,,0.18304,0.3821
crc,0.4115,,,,0.24514,,38.5516,,0.16647,,,0.04612,,,,0.01656,,0.19243,0.92456
crc,0.4214,,,,,,,1.12914,,,,,,,,,,0.56246,
crc,0.35435,,,,,,,1.19979,,0.00538,,,,,,,,0.45384,
crc,0.42103,,,,,,,1.18068,,0.00722,,,,0.00196,,,,0.65101,
crc,4.01049,0.01364,0.31279,0.01011,0.14032,0.00469,2.73342,,,,0.0312,1.03545,,,0.26424,,,0.17419,
crc,3.81675,0.03123,0.33523,0.01777,0.15885,0.00265,2.81196,,,,0.03665,1.10767,0.00057,,0.2859,,,0.15947,
crc,,0.09788,0.04225,,0.17261,,12.9462,0.25311,0.82427,0.48774,,0.06265,0.23727,,,,,0.00322,0.00287
crc,,0.11919,0.04619,,0.18728,,12.8756,0.2681,0.80146,0.52358,,0.07351,0.25781,,0.00548,0.0012,,,
crc,,0.13329,0.03413,,0.20533,,13.1448,0.24745,0.81913,0.47177,,0.05831,0.28552,,,,,0.00339,
crc,,0.08995,0.05292,,0.1749,,13.0969,0.24437,0.83672,0.50686,,0.05945,0.27223,,,,,,0.00234
crc,0.08031,,,,0.02322,0.04274,,,,,,,,,,,,,
crc,0.13616,0.00713,0.01605,,0.01571,0.07416,,,,,,,,,,0.04762,0.04019,,
crc,0.09208,0.00968,0.03053,,0.00163,0.08865,,,,,,,,,,0.0638,0.04653,,
crc,0.04527,0.00875,0.03754,,0.01176,0.08706,,0.02854,,,,,,,,0.06766,0.03518,,
crc,0.05534,0.0052,0.04024,0.00065,,0.09662,,,,,,,,,,0.06547,0.04887,,
crc,0.10107,0.02061,0.08315,,,0.1695,,0.0758,,,0.00443,,,,,0.01511,,0.00713,1.25232
crc,0.09951,0.03272,0.07423,,,0.14861,,0.02178,0.00126,,,,,,,0.01671,,,1.27254
crc,0.08189,0.0228,0.10122,,,0.12531,,0.03988,,,0.00323,,,,,0.0181,,0.00401,1.21513
crc,0.11585,0.02053,0.1217,,,0.1129,,0.00704,,,0.00431,,,,,0.00569,,,1.31924
crc,1.9053,,0.0397,,,0.05055,,0.30465,,0.02601,0.08654,,,,0.11793,,,,
crc,1.51441,,0.02876,,,0.05062,,0.2887,,0.03212,0.11457,,,,0.10105,,,,
crc,1.87217,,0.03233,,,0.04694,,0.29197,,0.02291,0.10654,,,,0.11239,,,,
crc,1.94683,,0.03603,,,0.0513,,0.30056,,0.01199,0.09109,,,,0.10616,,,,
crc,0.21226,,0.00531,,0.43594,,0.0026,,,,,,,,,,0.10207,,
crc,0.21672,,0.00509,,0.4181,,0.00962,,,,,,,,,,0.08339,,
crc,0.2855,,0.01202,,0.44772,,0.00378,,,,,0.00236,,,,,0.08432,,
crc,0.18311,,,,0.42302,,0.00875,,,,,,,,,,0.08482,,
crc,0.08748,,,0.15198,0.17004,,1.70373,0.02615,0.55723,,,0.01622,0.13501,0.57128,0.01344,,,0.01851,0.33604
crc,0.03184,,,0.1537,0.21667,,1.83677,,0.56301,,,0.00679,0.13188,0.57155,,,,0.03922,0.33514
crc,0.04363,,,0.16571,0.23864,,1.78496,,0.52101,,,,0.12299,0.56937,0.01299,,,0.03489,0.34881
crc,0.08799,,,0.17697,0.19146,,1.77647,,0.56732,,,0.0126,0.12189,0.52393,,,,0.02762,0.34814
crc,0.06139,,0.02762,0.25255,0.25619,,13.8616,,1.72828,,,0.13923,0.02897,0.08382,,,0.51292,,
crc,0.22713,,0.0353,0.21462,0.15404,0.00101,13.9665,0.06851,1.74623,,,0.17032,0.02461,0.05706,0.01097,,0.51396,,
crc,0.1368,,0.0236,0.20046,0.21244,0.0137,13.9808,0.03527,1.75193,,,0.13523,0.03542,0.10731,,,0.49609,,
crc,0.07461,,0.01808,0.20113,0.12384,0.00592,13.8107,0.11363,1.75048,,,0.14725,0.02226,0.06542,,,0.5157,,
crc,0.42882,,,0.00847,0.46593,,0.03863,0.01667,,0.13522,,,,,,,,,0.00035
crc,0.4626,,,0.0092,0.53257,,0.04065,,0.00071,0.1496,,,,,,,,,0.00103
crc,0.43386,,,0.01034,0.49098,,0.03931,,0.00024,0.1362,,,,,,,0.00082,,
crc,0.47932,,,0.0114,0.46918,,0.03426,,,0.13845,,,,,,,,,0.00366
crc,0.10656,0.16158,0.04843,,,0.02893,,,,0.1219,0.41233,,,,,0.11363,,0.96839,
crc,0.08049,0.15746,0.04167,,,0.04427,,,,0.10283,0.36697,0.00092,,,,0.12431,,0.98482,
crc,0.08006,0.17909,0.04202,,,0.02381,,,,0.11701,0.44722,,,,,0.13434,,1.01517,
crc,0.05839,0.1549,0.04854,,,0.02633,,,,0.10289,0.41106,0.0028,0.00345,,,0.11077,,0.97907,
crc,,0.30195,0.04205,,1.29406,0.36347,,0.11049,,,0.23195,,,,0.01079,0.04252,0.01224,,
crc,,0.34739,0.03742,,1.53255,0.35829,,0.22758,,,0.24311,,,,0.02455,0.04073,0.00936,,
crc,,0.35558,0.03311,,1.29302,0.42021,,0.36466,,,0.23527,,,,0.01324,0.03245,0.01702,,
crc,0.01867,0.31496,0.0334,,1.39025,0.34111,,0.17594,,,0.24747,,,,,0.03452,0.0092,,
crc,0.00583,0.00456,,0.01742,,,,,,0.03692,0.24142,,,,,,,,
crc,,0.00589,,0.01688,,,,,,0.02552,0.18027,,,,,,,,
crc,,0.00367,,0.02144,,,,,,0.03415,0.20734,,,,,,,,
crc,,0.00923,,0.02281,,,,,,0.03358,0.24465,,,,,,,,
crc,,,0.00598,0.09909,,,,0.05909,,,,,,0.02999,,,,,2.03984
crc,0.0368,0.00094,0.00939,0.08375,,,,0.09267,,,,,,0.02097,,0.0134,,,2.14388
crc,0.06235,,0.01624,0.08829,,,,0.05777,,,,,,0.02402,,0.01558,,,2.14211
crc,0.03703,,0.02176,0.08801,,,,0.11071,,,,,,0.0348,,0.01064,,,2.23758
crc,0.32951,0.23405,0.02675,0.07708,,,8.94066,,,0.29118,,,0.00896,,0.02213,,,,
crc,0.32406,0.24369,0.01828,0.0821,,,8.42757,0.06331,,0.27639,,,0.00151,,0.00136,,,,
crc,0.30111,0.21835,0.026,0.09054,,,8.65076,0.03254,,0.23632,,,,,,,,,
crc,0.44884,0.2451,0.02867,0.06548,,,8.39349,0.03157,,0.2993,,,,,0.00526,,,,
crc,0.06601,0.00341,0.03915,,,0.02192,,,,0.03488,0.02255,,,,0.00931,,,,
crc,0.03226,0.01016,0.03777,,,0.01678,,,,0.02063,0.02609,,0.00091,,,,,,
crc,0.05476,0.00602,0.04028,,,0.01405,,,,0.01802,0.03538,,,,0.00332,,,,
crc,0.06502,0.00345,0.04015,,,0.01846,,,,0.02834,0.02792,,,,0.02511,,,,
crc,0.008,0.22015,,8.96498,,,,,,1.19695,,0.01619,0.02502,,0.00356,0.00558,0.02835,,
crc,,0.20416,,8.80317,,,,,,1.21473,,0.01993,0.03267,,0.01951,0.02366,0.02749,,
crc,0.01386,0.15915,,8.74591,,,,,,1.23647,,0.01135,0.02504,,0.00107,0.0217,0.02882,0.00547,
crc,,0.22075,,8.69226,,,,,,0.95935,,0.01055,0.03165,,0.03411,0.023,0.01951,0.00283,
crc,0.28093,,0.12676,,1.68091,,,0.15229,0.11751,,,0.216,0.00202,,0.01372,,,0.07684,
crc,0.33229,,0.10422,,1.52741,,,0.13792,0.12718,,,0.22171,0.00384,,,,,0.06389,
crc,0.24227,,0.13091,0.00176,1.35273,,,0.19881,0.11695,,,0.21443,0.00291,,,,,0.08928,
crc,0.28309,,0.12955,,1.24673,,,0.0103,0.13982,,,0.21477,0.00122,,0.00833,,,0.06214,
crc,0.03985,,0.00138,,1.32206,0.03093,,0.04924,,0.36904,0.00356,0.09672,,,,,,,
crc,0.09532,,0.01276,,1.40236,0.03096,,,,0.37517,0.0045,0.10803,,,,,,,
crc,0.09384,,0.0115,,1.30072,0.02292,,0.04467,,0.39018,,0.09387,,,,,,,
crc,0.03855,,0.00338,,1.50116,0.01142,,0.04645,,0.27759,0.00793,0.09373,,,,,,,
crc,,,,,,,0.82092,,0.63992,,,,0.00223,,,,,0.15461,0.331
crc,,,,,,,0.76891,,0.56934,,,,0.02479,,,,,0.15591,0.33229
crc,,,,,,,0.81411,,0.57612,,,,0.00877,,,,,0.14942,0.33156
crc,,,,,,,0.78968,,0.62353,,,,0.00474,,,,,0.16238,0.32447
crc,0.23132,0.04132,0.00315,0.15576,,0.0157,,,,,0.30633,,,0.01174,0.00563,,,,
crc,0.14806,0.03844,0.0064,0.17659,,0.02169,,,,,0.29112,,,,0.0079,,,,
crc,0.13824,0.03692,0.00658,0.14937,,0.02336,,0.02269,,,0.27081,,,0.01068,0.0152,,,,
crc,0.106,0.0387,0.00489,0.17813,,0.0157,,0.04639,,,0.26043,,0.00228,0.00859,0.00544,,,,
crc,0.01481,0.05219,,,,0.01112,47.5825,,,,,,,0.03957,0.01949,,0.00529,,
crc,,0.0662,,,,0.00962,48.1237,,,,,,,0.0451,0.00776,,0.0005,,
crc,,0.04576,,,,0.01681,47.4727,,,,,,,0.02686,0.01005,,0.00917,,
crc,0.0149,0.05867,,,,0.01193,47.3126,,,,,,,0.03133,0.00848,,0.00685,,
crc,1.58018,0.01676,,0.03109,0.1077,,4.87575,,1.6606,,0.04888,,0.13482,0.02388,,,,,
crc,1.61933,0.02107,,0.0353,0.0727,0.00413,5.04148,0.02864,1.70222,,0.0419,,0.15635,0.03999,,,,,
crc,2.07873,0.0279,,0.03457,0.07171,0.00201,5.0729,0.0234,1.60142,,0.05232,,0.14071,0.03499,,,,0.00475,
crc,1.61087,0.02739,,0.02887,0.08476,0.00264,4.92004,0.02261,1.66212,,0.03226,,0.15368,0.03035,,,,,
crc,,0.03985,0.0238,0.04174,,0.07033,,,0.6557,,,,0.05572,0.00607,,,,,
crc,0.00911,0.02543,0.02381,0.04777,,0.08909,,0.01704,0.68726,,,,0.05774,0.00078,,,,,
crc,0.00911,0.04481,0.03687,0.03526,,0.09636,,0.00785,0.69889,,,,0.04593,0.00911,,,,,
crc,0.04554,0.04396,0.02605,0.0406,,0.07191,,0.0051,0.67641,,0.00055,,0.06218,0.00823,,,,,
crc,0.61328,0.00247,0.04016,,0.23342,0.07758,,0.21722,,,0.10107,,,,,,,,
crc,0.56001,,0.0309,,0.16926,0.10175,,0.14915,,,0.08951,,,,,,,,
crc,0.39308,0.00126,0.0326,,0.24316,0.08328,,,,,0.09979,,,,,,0.00099,,
crc,0.65821,,0.03591,,0.34839,0.06309,,0.25745,,,0.09381,,,,,,0.00192,,
crc,2.83194,0.03506,0.07483,0.01101,,0.12376,,,0.01917,,,0.11114,,,0.00371,0.00095,0.00156,0.01485,2.30339
crc,2.6804,0.03558,0.05848,0.02094,0.00572,0.12203,,,0.01979,,,0.12316,,,0.00365,0.00769,,0.0397,2.29171
crc,2.61041,0.03309,0.07113,0.01204,,0.16203,,,0.02549,,,0.1171,,0.00411,0.0079,0.01155,,0.0387,2.3831
crc,2.6057,0.04277,0.05371,0.00655,,0.14439,,,0.01604,,0.0008,0.09989,,,,0.00453,0.00079,0.05806,2.54881
crc,0.16693,0.00324,0.20148,,0.01398,,,,0.48218,0.00521,,0.00806,,,,,0.02719,,2.50479
crc,0.08944,0.00867,0.17577,,0.01089,,,,0.51568,0.01368,,0.00559,,,,,0.01092,,2.50245
crc,0.21874,0.00569,0.18591,,0.01553,,,,0.48892,0.014,,0.01201,,,,,0.01691,,2.51878
crc,0.11236,,0.18928,,0.01337,,,0.03172,0.53547,0.00818,,0.00244,,,,0.00369,0.01656,,2.40934
crc,3.83025,0.00318,0.01082,,0.47663,0.04525,0.00071,,3.84498,0.07717,,0.00911,,,,0.07254,,0.00806,0.07681
crc,4.14711,0.00914,0.00751,,0.6009,0.03372,0.00186,,3.83767,0.07374,,0.00891,,,,0.08732,,,0.09915
crc,3.84107,0.009,0.0007,,0.56217,0.04636,0.00185,,3.97745,0.08977,,0.00896,,,,0.09653,,,0.07663
crc,4.21653,0.00458,0.00205,,0.51016,0.04102,0.0092,,3.96027,0.09204,,0.00268,,,,0.08478,,,0.07896
crc,0.06644,,0.06416,,,0.00313,,0.03551,,,,0.06323,,,,0.00689,,,0.00147
crc,0.06487,,0.06919,,,0.01344,,0.03791,,,,0.08346,,,,0.00208,,,0.00423
crc,0.04883,,0.06273,,,0.00904,,0.06871,,,,0.06406,,,,0.00971,,,0.00235
crc,0.06355,,0.06757,,,0.01444,,0.03738,,,,0.06069,,,,0.00393,,,0.0014
crc,9.48376,0.09922,0.00794,1.03772,0.01522,,,,,,0.1042,0.01086,0.00669,0.23569,,,,,
crc,8.62457,0.0861,0.00613,1.10935,0.02143,,,,,,0.11212,,0.00485,0.25927,0.00943,,,,
crc,8.79482,0.09257,,1.04775,0.00741,,,0.02602,,,0.1226,0.01074,,0.23048,0.00923,,,,
crc,8.94942,0.08598,0.00741,1.01017,0.00546,,,,,,0.08264,0.00874,,0.2371,0.00432,,,,
crc,0.02122,0.0543,,0.64339,,,,,,0.00113,,0.05759,0.00907,,0.00971,,0.00215,,
crc,0.03694,0.0692,,0.62594,,,,,,,,0.0473,0.01358,,0.00435,,0.0029,,
crc,0.92408,0.25438,,0.41819,0.01084,0.00368,,0.06942,,,0.0859,,0.0941,,0.14712,,,,
crc,0.94282,0.28259,,0.39991,0.01068,0.0061,,,,,0.04996,,0.08375,,0.14193,,,,
crc,0.93239,0.30997,,0.35566,0.03441,0.00252,,,,,0.06541,,0.05653,,0.16918,,,,
crc,0.82188,0.32429,,0.38771,0.01411,0.00368,,,,,0.07943,,0.10095,,0.1383,,,,
crc,0.43964,,,0.00856,6.58148,,,,0.01054,,,,0.00508,0.02627,,,,,
crc,0.49534,,,0.00256,6.62492,,,,0.0036,,,,,0.03939,,,,,
crc,0.32053,,,0.00353,6.69228,,,,0.00719,,,,,0.02549,,,,,
crc,0.43259,,,0.00173,6.37395,,,,0.01036,,,,,0.02681,,,,,
crc,1.25126,0.05098,,0.00148,,,0.02016,,,,,0.10062,,,0.00772,,,,
crc,1.49755,0.01708,,,,,0.01044,,,,,0.10058,,,0.0037,0.00179,,,
crc,1.30659,0.03213,,0.01024,,,0.02379,,,,,0.10996,,,,,,,
crc,1.61604,0.02458,,0.00374,,,0.01432,,,,,0.11232,,,0.02051,0.00462,,,
crc,0.03216,0.01343,0.01225,0.00474,1.02049,0.02753,9.2808,0.04554,,,0.01613,0.02092,,0.05602,,,,0.18624,
crc,0.05686,,0.00068,0.00119,0.94167,0.01972,9.04071,,,,0.01234,0.01002,,0.08316,,,,0.1547,
crc,0.06466,,0.00069,0.00173,0.96022,0.03677,9.39328,0.01689,,,0.02289,0.01036,,0.07409,,,,0.1795,
crc,0.02818,,0.01192,0.00827,0.84722,0.03092,9.3023,0.03262,,,0.02154,0.00299,,0.05865,,,,0.15697,
crc,0.73723,0.00268,0.19651,,,0.02928,2.56014,0.14992,,1.07454,,,,,,,,,
crc,0.67442,0.00433,0.20913,,,0.043,2.56331,0.1851,,1.16836,,,,,,,,,
crc,0.78659,,0.22637,,,0.03165,2.60972,0.15389,,0.9873,,,,,,,,,
crc,0.54129,0.0018,0.21639,,,0.04051,2.56373,0.13441,,1.11673,,,,,,,,,
crc,,0.83243,0.02858,,,0.1774,,0.04897,,0.23322,,0.00378,,,,0.03423,,,
crc,0.01172,0.79042,0.03946,,,0.21234,,0.02179,,0.22372,,0.00904,,0.00293,,0.04848,,,
crc,0.0355,0.81877,0.02213,,,0.19961,,0.00748,,0.22735,,0.0115,,,,0.04506,,0.00933,0.00308
crc,,0.87882,0.03625,,,0.18349,,0.08711,,0.20434,,0.01668,,0.00395,,0.04584,,0.00499,0.00061
crc,0.03942,0.04863,0.01354,0.04123,,0.06729,,,,,,,,,,,,0.00442,2.54368
crc,0.02749,0.03123,0.01673,0.02766,,0.06701,,0.04818,,,,,,,,,,,2.55489
crc,0.06005,0.04594,0.01907,0.04407,,0.05613,,0.06262,,,,,,,,,,,2.4161
crc,0.02455,0.03771,0.01646,0.03014,,0.07038,,0.01991,,,,,,,,,,,2.5608
crc,0.05967,0.0965,0.01817,0.00147,,0.05961,,0.02613,,0.00468,,0.0016,,0.008,,,0.00601,,
crc,0.07502,0.08615,0.01719,,,0.06442,,0.01464,,0.01135,0.00089,,,0.01672,0.00146,,0.00432,,
crc,0.08065,0.07834,0.01678,0.00322,,0.05478,,0.02658,,0.01118,0.0003,,,0.00862,,,0.00627,,
crc,0.04077,0.07971,0.01613,,,0.06111,,0.02984,,0.00653,0.0009,,,0.00778,,,0.00287,,
crc,0.12737,,0.17077,0.15978,,0.04127,,,,,,0.0841,,0.28625,0.00335,,0.03111,,
crc,0.06734,,0.16621,0.15593,,0.03279,,,,,,0.0663,,0.34803,,,0.04171,,
crc,0.04905,,0.14688,0.15398,,0.04719,,0.02536,,,,0.06175,,0.35161,,,0.04479,,
crc,0.11589,,0.1539,0.14779,,0.0511,,0.02717,,,,0.05769,,0.33101,,,0.05324,,
crc,,,,,,,,,,,,,,,,,,,
crc,,,,,,,,,,,,,,,,,,,
crc,,,,,,,2.3102,,,,,,,,,,,,
crc,,,,,,,2.73238,,,,,,,,,,,,
crc,0.41296,,,,,,2.93481,,,,,,,,,,,,
crc,,,,,6.13075,,,,,,,,,,,,,,
crc,0.24485,,,,5.84979,,,,,,,,,,,,,,
crc,,,,,6.40475,,,,,,,,,,,,,,
crc,,,,,5.80451,,,,,,,,,,,,,,
crc,,0.13239,,,0.0751,,,0.16676,,,,,,,,,,,
crc,,0.04633,,,0.00981,,,0.26812,,,,,,,,,,,
crc,,0.06669,,,0.05586,,,0.51629,,,0.01814,,,,,,,,
crc,,0.05982,,,0.08675,,,0.10783,,,,,,,,,,,
crc,2.13232,0.17703,,,,,,0.36714,,,,,,,,,,0.2587,
crc,1.55305,0.19098,,,,,,0.21617,,,,,,,,,,0.44021,
crc,1.31725,,,,11.3621,,8.28421,,0.27361,,,,1.94593,,,,,,
crc,0.908,,,,11.4011,,9.63375,,0.31349,,,,1.82154,,,,,,
crc,0.90705,,,,11.2127,,9.64752,,0.50354,,,,1.7183,,,,,,
crc,,,,,12.6479,,8.88505,,0.19754,,,,1.28307,,,,,,
crc,54.783,,,0.63733,,,0.87734,,,,,0.22858,,,,,0.14325,1.26723,
crc,52.1745,,,0.69355,,,1.08138,,,,,0.21607,,,,,0.08125,1.21287,
crc,56.7372,,,0.51915,,,0.67903,,,,,0.2209,,,,,0.13285,1.8216,
crc,,0.95565,,,1.50301,0.2191,,,,,,,,,,,,,
crc,,0.79798,,,1.79254,0.24692,,,,,,,,,,,,,
crc,,1.32523,,,1.49625,0.21138,,,,,,,,,,,,,
crc,,0.90364,,,1.62442,0.09464,,,,,,,,,,,,,
crc,44.083,,,,0.11844,,0.26486,,,,,,,,,,,,
crc,47.7826,,,,0.1859,,0.27428,,,,,,,,,,,,
crc,,2.03454,,0.30574,,0.30809,,,,,,,,1.95575,,,,,
crc,0.19636,1.73706,,0.33022,,0.19101,,,,,,,,2.0964,,,,,
crc,0.2458,0.95076,,,5.21649,0.52673,,,,,,,,,,,,,
crc,0.12702,0.87934,,,5.91751,0.59365,,,,,,,,,,,,,
crc,1.67663,,,,,,,,,,,,,,,,,,
crc,1.43597,,,,,,,,,,,,,,,,,,
crc,,,,,,,,,,,,,,,,,,,
crc,0.63847,,,,,,,,,,,,,,,,,,
crc,1.69261,0.01419,,0.01506,,,0.55021,,,,,,,,,,0.05075,,
crc,1.51957,0.02657,,0.00673,,,0.59474,,,,,,,,,,0.05416,,
crc,1.17166,,,,0.16292,,37.3929,,,,,,,,,,,0.14962,0.38935
crc,0.38338,,,,,,37.3546,,0.09202,,,,,,,,,0.07777,0.3952
crc,0.3504,,,,,,,1.95489,,,,,,,,,,0.80288,
crc,1.26504,,,,,,,0.94381,,,,,,,,,,1.0185,
crc,0.89826,,,,,,,2.46924,,,,,,,,,,1.00134,
crc,5.8469,,0.27789,,0.06822,,2.47185,,,,,0.77574,,,0.04716,,,0.30186,
crc,4.88506,,0.29283,,0.14363,,2.96529,,,,,0.74784,,,0.16702,,,0.32527,
crc,,,,,0.03705,,9.40254,0.26376,0.71129,0.19294,,,0.06904,,,,,,
crc,,,,,0.0662,,9.47661,0.29441,0.80092,0.18705,,,,,,,,,
crc,,,,,0.0663,,9.34394,0.21819,0.85125,0.19441,,,,,,,,,
crc,,,,,,,10.069,0.42668,0.82877,0.16095,,,0.02437,,,,,,
crc,0.07473,,0.0047,,,0.08974,,,,,,,,,,0.03622,0.00993,,
crc,,,,,,,,,,,,,,,,,,,
crc,0.31857,,,,,,,,,,,,,,,,,,
crc,,,,,,,,,,,,,,,,,,,
crc,,,,,,,,,,,,,,,,,,,
crc,,,,,,0.08305,,0.34202,,,,,,,,,,,1.75947
crc,0.22127,,,,,0.04462,,,,,,,,,,,,,1.59924
crc,0.20922,,,,,0.06867,,,,,,,,,,,,,1.67598
crc,0.25484,,,,,0.0837,,,,,,,,,,,,,1.76738
crc,2.75232,,,,,,,0.52823,,,,,,,,,,,
crc,2.94613,,,,,,,0.1176,,,,,,,,,,,
crc,2.95076,,,,,,,1.80779,,,,,,,,,,,
crc,1.42952,,,,,,,,,,,,,,,,,,
crc,0.65462,,,,0.12963,,,,,,,,,,,,,,
crc,0.70411,,,,0.06212,,,,,,,,,,,,,,
crc,0.48398,,,,,,,,,,,,,,,,,,
crc,0.95396,,,,,,,,,,,,,,,,,,
crc,,,,0.03914,,,1.49366,,0.41037,,,,,0.058,,,,,0.33151
crc,0.2412,,,,,,1.26999,,0.37512,,,,,0.04147,,,,,0.43188
crc,,,,,,,1.61606,,0.36011,,,,,,,,,,0.40516
crc,0.26187,,,,,,1.17537,,0.29989,,,,,0.04447,,,,,0.39994
crc,0.74211,,,,,,12.6806,,1.57316,,,,,,,,0.16358,,
crc,0.38387,,,,,,13.0509,0.80617,1.68961,,,,,,,,0.31172,,
crc,,,,,,,13.5977,,1.53904,,,,,,,,0.18228,,
crc,,,,,,,13.5874,,2.01818,,,,,,,,0.20121,,
crc,0.70916,,,,0.24775,,,,,0.03132,,,,,,,,,
crc,0.88987,,,,0.08877,,,,,,,,,,,,,,
crc,0.88729,,,,0.37804,,,,,,,,,,,,,,
crc,0.89312,,,,0.18852,,,,,,,,,,,,,,
crc,,,,,,,,,,,0.2076,,,,,,,1.55138,
crc,0.28771,,,,,,,,,,0.1734,,,,,,,0.36619,
crc,0.60546,,,,,,,,,,0.11354,,,,,,,0.2496,
crc,,,,,,,,,,,0.12793,,,,,,,0.52986,
crc,,0.29547,,,0.5993,0.63361,,,,,0.05502,,,,,,,,
crc,,,,,0.7369,0.69039,,,,,0.21535,,,,,,,,
crc,,0.03788,,,1.00547,0.56883,,1.39886,,,0.1319,,,,,,,,
crc,,0.02018,,,1.10454,0.65933,,,,,0.09407,,,,,,,,
crc,,,,,,,,,,,0.10452,,,,,,,,
crc,,,,,,,,,,,0.14225,,,,,,,,
crc,,,,,,,,,,,0.04601,,,,,,,,
crc,,,,,,,,,,,0.20849,,,,,,,,
crc,,,,,,,,,,,,,,,,,,,2.27802
crc,0.1813,,,,,,,0.34637,,,,,,,,,,,2.2189
crc,,,,,,,,,,,,,,,,,,,2.41394
crc,,,,,,,,,,,,,,,,,,,2.39013
crc,0.48205,,,,,,7.68308,,,,,,,,,,,,
crc,0.39653,,,,,,7.51226,,,,,,,,,,,,
crc,0.8069,,,,,,8.1364,,,,,,,,,,,,
crc,0.81684,,,,,,7.17309,,,,,,,,,,,,
crc,,,,,,,,,,,,,,,,,,,
crc,,,,,,,,,,,,,,,,,,,
crc,0.66585,,,,,,,0.51414,,,,,,,,,,,
crc,,,,,,,,,,,,,,,,,,,
crc,,,,7.28313,,,,,,1.47743,,,,,,,,,
crc,,,,8.08619,,,,,,1.66322,,,,,,,,,
crc,,,,7.62692,,,,,,1.50173,,,,,,,,,
crc,,,,8.03608,,,,,,1.51101,,,,,,,,,
crc,0.3465,,,,0.79957,,,,,,,,,,,,,,
crc,0.69717,,,,1.05047,,,,,,,,,,,,,,
crc,,,,,0.39174,,,,,,,,,,,,,,
crc,0.74965,,,,0.49058,,,,,,,,,,,,,,
crc,,,,,0.38106,,,,,,,,,,,,,,
crc,,,,,0.43484,,,,,,,,,,,,,,
crc,,,,,0.53932,,,,,,,,,,,,,,
crc,,,,,0.72059,,,,,,,,,,,,,,
crc,,,,,,,0.47515,,0.4166,,,,,,,,,,0.22712
crc,,,,,,,0.51585,,0.5341,,,,,,,,,,0.284
crc,,,,,,,0.56332,,0.5012,,,,,,,,,,0.36364
crc,,,,,,,0.39999,,0.35774,,,,,,,,,,0.26477
crc,0.16824,,,0.03913,,,,,,,0.1252,,,,,,,,
crc,0.18215,,,,,,,,,,0.21487,,,,,,,,
crc,0.18855,,,0.02241,,,,,,,,,,,,,,,
crc,0.18143,,,,,,,,,,0.07782,,,,,,,,
crc,0.1775,,,,,,45.1948,,,,,,,,,,,,
crc,,,,,,,44.8418,,,,,,,,,,,,
crc,0.19909,,,,,,45.827,,,,,,,,,,,,
crc,,,,,,,46.9916,,,,,,,,,,,,
crc,2.53423,,,,,,3.93782,,1.54941,,,,,,,,,,
crc,1.77838,,,,,,3.20921,,1.57511,,,,,,,,,,
crc,3.12247,,,,,,4.48594,,1.60819,,,,,,,,,,
crc,2.6031,,,,,,4.18115,,1.59817,,,,,,,,,,
crc,,,,,,0.02847,,,0.54545,,,,,,,,,,
crc,0.24368,,,,,,,,0.52756,,,,,,,,,,
crc,,,,,,,,,0.73127,,,,,,,,,,
crc,0.24952,,,,,,,,0.69578,,,,,,,,,,
crc,0.82481,,,,,,,0.5151,,,,,,,,,,,
crc,0.60612,,,,,,,,,,,,,,,,,,
crc,1.72309,,,,0.1608,,,,,,,,,,,,,,
crc,0.93039,,,,,,,,,,,,,,,,,,
crc,3.53897,,,,,0.11788,,,,,,,,,,,,0.08685,3.4283
crc,5.42778,,,,,,,,,,,,,,,,,,3.21721
crc,2.85124,,,,,0.13558,,,,,,,,,,,,,3.11029
crc,4.2071,,,,,0.04753,,,,,,,,,,,,,3.5787
crc,0.48308,,,,,,,,0.60242,,,,,,,,,,3.62942
crc,,,,,,,,,0.48597,,,,,,,,,,3.21009
crc,0.45626,,,,,,,,0.33345,,,,,,,,,,3.56135
crc,0.13995,,,,,,,,0.40737,,,,,,,,,,3.33815
crc,4.35489,,,,0.0805,,,,3.63404,,,,,,,,,,0.09863
crc,5.76503,,,,0.4784,,,,3.58774,,,,,,,,,,0.00913
crc,4.89177,,,,0.08961,,,,3.57722,,,,,,,,,,
crc,4.72028,,,,0.17355,,,,3.66911,,,,,,,,,,0.00925
crc,0.17489,,,,,,,,,,,,,,,,,,
crc,0.19287,,,,,,,,,,,,,,,,,,
crc,,,,,,,,,,,,,,,,,,,
crc,0.6674,,,,,,,,,,,,,,,,,,
crc,12.8323,,,0.75922,,,,,,,,,,,,,,,
crc,11.301,,,0.78486,,,,,,,,,,,,,,,
crc,11.5035,,,0.83364,,,,,,,,,,,,,,,
crc,12.0682,,,0.65148,,,,,,,,,,,,,,,
crc,,,,0.32987,,,,,,,,,,,,,,,
crc,,,,0.37954,,,,,,,,,,,,,,,
crc,0.74079,,,0.04519,,,,,,,,,,,,,,,
crc,1.18992,,,0.09613,,,,,,,,,,,,,,,
crc,0.76867,,,0.14057,,,,,,,,,,,,,,,
crc,1.9408,,,0.11704,,,,,,,,,,,,,,,
crc,0.89787,,,,3.32905,,,,,,,,,,,,,,
crc,0.67329,,,,3.64188,,,,,,,,,,,,,,
crc,0.33085,,,,3.81146,,,,,,,,,,,,,,
crc,0.71775,,,,4.70737,,,,,,,,,,,,,,
crc,1.50029,,,,,,,,,,,,,,,,,,
crc,0.6442,,,,,,,,,,,,,,,,,,
crc,1.90269,,,,,,,,,,,,,,,,,,
crc,1.68868,,,,,,,,,,,,,,,,,,
crc,0.49308,,,,0.21373,,10.4858,,,,,,,,,,,,
crc,,,,,0.3402,,10.573,,,,,,,,,,,,
crc,0.25711,,,,0.33211,,10.3302,,,,,,,,,,,,
crc,0.26836,,,,0.617,,11.0459,,,,,,,,,,,,
crc,0.26224,,,,,,2.04448,,,0.5234,,,,,,,,,
crc,0.97421,,,,,,1.96501,,,0.34076,,,,,,,,,
crc,0.7392,,,,,,1.92034,,,0.25178,,,,,,,,,
crc,1.06095,,,,,,2.03556,,,0.20951,,,,,,,,,
crc,,0.51395,,,,0.20859,,,,,,,,,,,,,
crc,,0.34391,,,,0.18014,,,,,,,,,,,,,
crc,,0.32212,,,,0.15248,,,,,,,,,,,,,
crc,,0.55294,,,,0.38297,,,,,,,,,,,,,
crc,,,,,,,,,,,,,,,,,,,3.45805
crc,,,,,,,,,,,,,,,,,,,2.8487
crc,,,,,,,,,,,,,,,,,,,2.7626
crc,,,,,,,,,,,,,,,,,,,3.19773
crc,0.56273,,,,,,,,,,,,,,,,,,
crc,,,,,,0.0619,,,,,,,,,,,,,
crc,,,,,,0.08491,,,,,,,,,,,,,
crc,,,,,,0.0249,,,,,,,,,,,,,
crc,,,,0.05998,,,,,,,,,,0.10216,,,,,
crc,0.16341,,0.07632,0.00953,,,,,,,,,,0.04194,,,,,
crc,0.16301,,0.0115,0.03725,,,,,,,,,,0.13089,,,,,
crc,0.333,,0.05578,0.00963,,,,,,,,,,0.11005,,,,,
crc,0.648914,0.022444,0.00546849,0.716636,3.17E-05,0.000168911,11.6652,0.0755138,0.00391662,0.00500399,0.380145,0.0438218,0.00207972,0.101663,0.00673532,0.0211244,0.789743,0.0784697,0.433447
crc,1.78319,0.00495805,0.00790189,0.0574824,0.00464817,0.0283538,0.0725115,0.0605812,0.0999357,0.00433829,,0.0320724,0.000309878,0.334823,0.00418335,0.00898647,0.437393,0.00774695,
crc,0.000395127,0.00790255,0.00889036,0.0142246,0.0395127,0.000987818,0.330722,0.0387225,0.0632204,0.00158051,0.183734,0.00968062,,0.0521568,0.000197564,0.00513665,0.0997696,0.152717,
crc,0.00126889,0.0551965,0.00338369,0.00338369,0.0099396,0.0898794,0.220786,0.0247433,0.156919,0.0010574,0.00803627,0.0467373,0.000422962,0.0177644,0.000211481,0.0308762,0.229034,0.0653476,0.0765561
crc,0.00346,0.01151,0.03073,,,0.00285,,0.02906,,,0.0851,,,,,,,,
crc,0.01776,0.01311,0.07301,,0.0104,0.01359,,0.00961,0.24816,,,,,,,0.01072,0.02326,,2.77079
crc,0.01623,0.00787,0.04065,0.00286,,,,0.02054,,0.03704,,,,,,0.00283,,,
crc,0.28606,0.0354,0.01997,,0.97036,,2.71637,0.04026,30.6545,0.01355,,,0.0819,0.00019,,,,,
crc,2.46755,0.36327,,0.51548,,,0.05808,,,1.07688,,0.29399,0.2269,1.23288,0.01576,,0.01942,,
crc,,0.01273,0.03818,0.6621,,0.01893,,0.03938,,0.00453,,,,0.03828,,0.02305,,,
crc,,0.0507,0.03322,,,0.00129,,0.03663,,,0.08535,,,,,,,,
crc,15.4363,0.20311,0.09815,0.30869,,0.05492,,0.03708,,0.04904,,,,0.8197,0.00174,0.00382,0.30891,,
crc,0.01179,0.02693,0.02037,0.01741,,,,0.00969,,0.23137,0.03412,,,0.03245,,0.00046,,,
crc,0.19134,0.0525,,,2.84658,0.02567,,0.4078,,,,,,,,0.14773,,0.01385,
crc,0.0227,0.0209,0.084,,0.01132,0.00857,,,0.60779,,,,,,,0.00521,0.03278,,1.04573
crc,0.08674,0.01023,0.09411,0.00986,,0.00531,,0.00439,,0.35506,,,,,,0.01791,,,
crc,0.15442,0.01281,0.055,0.00822,1.90776,0.02503,,0.28413,0.00287,0.15606,,,,0.00087,,0.03448,0.02279,0.21122,
crc,2.2722,0.43542,,0.667,,,,,,1.7815,,0.112,0.2405,0.4015,0.00522,,,,
crc,0.14205,0.02614,0.01382,,1.24096,,2.0171,0.02523,30.8073,0.01647,,,0.1012,,,,,,
crc,,0.00961,0.01944,0.45075,,0.00437,,0.03792,,,,,,0.01192,,0.00906,,,
crc,0.16829,,,,4.29296,0.02382,,1.07168,,0.37945,,,,,,0.25592,,0.05951,
crc,0.99675,,0.10218,0.00455,1.86057,0.01577,,0.25268,0.03972,0.24214,,,0.00312,,,0.08361,,0.29041,
crc,0.01892,0.06333,0.00897,,,0.07169,,0.08611,0.00323,0.99671,,,,,,0.0025,,,
crc,0.02384,0.00887,0.0352,0.02,,,,0.01135,,0.06924,0.02524,,,0.07434,,0.00715,,,
crc,28.3696,0.1129,0.0892,0.19825,,0.05759,0.00132,0.04304,,0.02035,,0.00143,,0.73231,0.00551,0.00565,0.30695,,
crc,,0.00561,0.02705,,,0.003,,0.0261,,,0.09648,,,,,,,,
crc,0.02639,0.17426,0.02958,,,0.14135,0.00105,0.12866,0.00658,0.32584,0.00328,0.00553,,,,0.00986,,,
crc,0.01153,0.00947,0.05475,0.00319,,0.0006,,0.00311,,0.07697,,,,,,0.00374,,,
crc,0.00339,0.0151,0.06385,,0.00554,0.00993,,0.0068,0.17237,,,,,,,0.00987,0.02813,,3.39826
crc,2.54307,0.40828,,0.72276,,,0.07645,,,1.1216,,0.18702,0.22741,1.26092,0.01604,,0.01995,,
crc,0.19538,0.03016,0.02366,0.00101,1.03371,,2.12808,0.02757,26.9512,0.0123,,,0.09161,0.00351,,,,,
crc,,0.01251,0.03743,0.60764,,0.01624,,0.03277,,0.00396,,,,0.03471,,0.01717,,,
crc,0.17022,0.06963,,,3.42802,0.02306,,0.46934,,0.09347,,,,,,0.16454,,0.01469,
crc,0.61438,0.00779,0.04768,0.00715,2.75846,0.01828,,0.26083,0.00815,0.2007,,,0.00507,0.01075,,0.02612,0.00784,0.14031,
crc,0.00101804,0.0076353,0.0559922,0.00203608,,0.00050902,0.0967138,1.50721,0.00967138,0.387364,0.00050902,,0.0101804,0.00050902,,0.0132345,0.0295232,0.182738,
crc,,0.00697972,0.0438726,0.454181,,,0.0558378,0.807654,0.00249276,0.101705,,0.00747828,0.000498552,0.0358957,,,,0.000997103,0.00199421
crc,0.00184089,0.0193294,0.0119658,0.00736357,,0.000920446,0.122419,3.69927,0.00828401,0.191453,,,0.00184089,,,0.0625903,,0.0368178,0.000920446
crc,,0.00540041,0.0342026,0.00300023,,0.00540041,0.112209,0.587445,0.00540041,0.0210016,0.000600046,0.00180014,0.000600046,0.000600046,,0.00120009,0.000600046,0.00300023,0.580844
crc,,0.00860816,0.0389899,0.00455726,,0.00759544,2.55055,0.751442,0.0263308,0.18229,0.00202545,0.00151909,0.00303817,,0.000506362,0.00759544,0.00962089,0.000506362,0.0394963
crc,0.000706487,0.0642903,0.000353243,0.128227,,0.000353243,0.0688824,0.375851,0.0024727,0.0388568,0.000353243,0.0766538,0.0455684,0.239146,0.0127168,,0.0137765,0.00105973,0.000353243
crc,,,0.0184807,0.000924035,,,25.6808,3.19624,5.21803,,0.000924035,,0.0369614,0.00554421,0.0332653,,0.0489739,0.00184807,0.775265
crc,,0.0202419,0.0524449,0.0161015,,,0.0460043,0.0450842,0.010581,0.0174816,1.2458,,,0.0446242,0.00184017,0.0156415,,0.000460043,0.00138013
crc,0.0275339,0.00832421,0.0403404,0.132547,,0.000640324,0.0486646,0.262533,0.0102452,0.0230517,0.00192097,0.0166484,0.00128065,0.19786,0.0230517,0.00896453,0.23692,0.000640324,
crc,,0.00321707,0.0422815,0.00229791,,,0.144309,0.0730735,0.00781289,0.00919164,4.7268,0.0050554,,,0.016545,,,,
crc,,0.0181935,0.0198474,0.00454837,,0.00165395,0.112469,0.36635,0.00578883,0.00785627,0.0301846,0.00248093,,0.00165395,,0.0070293,,0.00165395,0.287788
crc,0.0132932,0.00443105,0.00443105,0.0177242,,,2.63648,0.0753279,,,0.0354484,0.0221553,0.119638,,0.155087,0.0797589,1.13435,,
crc,2.58972,0.00748475,0.0224542,0.0187119,,,2.24542,0.0149695,,,0.217058,,0.0785899,0.0336814,0.0711051,0.00748475,0.991729,0.00374237,
crc,0.890926,0.00569282,,0.00569282,,,0.156552,0.0199249,0.0170784,,,,0.0540817,,0.0313105,,0.0569282,0.00569282,
crc,0.435698,0.0110771,0.0110771,,,0.00369235,1.92741,0.0996935,9.73304,,0.0775394,,0.284311,,0.00369235,0.151386,0.00738471,0.0738471,
crc,0.00899281,0.0179856,,0.00899281,,,6.25899,0.022482,,,0.0044964,,0.044964,,0.0719424,0.251799,0.831835,,
crc,0.00535992,,,0.00535992,,,0.0214397,,4.9472,0.0321595,0.0107198,0.00535992,21.8845,0.0107198,7.13405,0.0321595,0.182237,,
crc,1.98942,,,0.191659,,,0.0153327,,0.130328,,0.176326,,0.042165,0.00383318,0.103496,,9.57528,0.00766636,
crc,0.0370828,0.0412031,,0.0288422,,,5.5377,0.123609,,,0.0906469,0.00412031,0.238978,0.00412031,0.00824063,0.0247219,0.535641,0.325505,
crc,22.8327,,,0.10355,,,12.1445,0.0323593,,,0.00647186,0.00323593,0.113258,0.00323593,0.0226515,0.00647186,0.0323593,0.122965,0.00647186
crc,0.0708851,0.00472567,0.00945135,0.0897878,,,3.94121,,,,0.0567081,,0.0425311,0.00472567,0.307169,,21.3837,,
crc,0.0175698,0.0070279,,0.0351395,,,,0.0105419,,,0.0070279,0.0105419,0.0913627,0.0105419,0.456814,0.0210837,45.0734,0.0175698,
crc,0.10411,0.0743642,,0.0694066,,,6.37549,,0.00495761,,,0.00495761,0.10411,0.604829,0.252838,,16.8113,0.00495761,
crc,27.4535,0.00416025,,0.0208013,0.00416025,,,0.00832051,,,0.00832051,,5.68707,,4.9299,0.0624038,6.28198,0.00416025,
crc,0.241026,,,,,,0.159448,,0.0074162,,0.0222486,,0.200237,,0.0259567,0.148324,0.255859,,
crc,1.5573,0.00811096,0.00405548,0.0162219,,,23.5421,0.00405548,,,,,0.0364993,0.0364993,0.00811096,0.0851651,0.0202774,0.0405548,0.0162219
H2029,0.06296,,,0.06057,0.07439,,,0.00418,,,0.00922,,,,,,,,
H2029,0.04296,,,0.68851,,0.11447,,,,,0.00538,,,,,,,0.49124,
H2029,0.03621,,0.05502,,,,,0.02879,,,1.00279,,,,,,,,
H2029,0.03842,,0.08264,,,,,0.00313,,0.06775,0.7463,,,,,,,,
H2029,0.26319,,0.04178,0.00786,,,,,,,0.59691,,,,,,,,
H2029,1.60071,,0.10691,0.52546,0.09382,0.02397,,,,,0.11358,,,,,,,0.20212,1.86277
H2029,,,0.05228,,,,,,,,0.0253,,,0.027,,,,,5.61599
H2029,0.12242,,0.4328,,,,,0.30074,,,,,,,,,,,
H2029,,,,0.49006,,,,,,,1.34498,,,2.63707,,,,,
H2029,0.108,,0.00909,0.00745,,,,0.00657,,,,,,,,,,,0.33167
H2029,0.0387,,0.151,0.03499,,0.00637,0.00376,0.17738,,,,,,,,0.02579,,,
H2029,,,0.09622,,2.41532,,9.74999,0.19652,,,,,,,,,,0.57595,
H2029,0.33736,,,,,0.1724,,1.26754,,,0.07543,,,,,,,1.35047,0.05389
H2029,0.3056,0.03164,0.09325,1.21042,,,,,,,0.22709,,,,,,,,
H2029,0.45166,0.01399,0.3442,,,,,0.13253,,,,,,,,,,0.69686,
H2029,0.13974,0.02825,0.51458,,,,,0.06445,,,,,,,,,,0.66649,
H2029,0.95824,,0.28141,,,,0.04468,0.0055,,,0.00276,,,,,,,0.45465,
H2029,,,0.03328,0.22229,,0.004,,,,,,,,2.2516,,,,,5.68858
H2029,,0.04752,0.02789,2.95075,,,,,,,,,,2.06382,,,,,5.86381
H2029,,,0.04078,0.24833,,,,,,,,0.05287,,0.75647,,,,,2.3087
H2029,,,,0.24862,,0.15422,,,,,,,,,,0.019,,,10.8936
H2029,,,0.03445,,,,,,,,,,,,,,,,0.27977
H2029,,,,,0.07404,0.20198,,0.24532,,,0.00197,0.01057,,,,0.06271,,,
H2029,0.09576,,,0.00405,0.39074,0.35169,,0.16027,,,0.0019,,,,,0.09447,,0.01344,
H2029,0.05688,,,0.01375,,0.09387,,0.05344,,,0.0074,,,,,0.01512,,0.28483,
H2029,,,,0.17991,,0.08972,,0.07569,,,0.02375,0.02128,,0.09599,,,,0.65011,
H2029,0.64698,,,0.21123,,,,,,,0.00242,,,0.08951,,,,,0.20294
H2029,15.9415,0.13171,,0.04801,0.33908,,17.2465,,,,,,,0.20148,,,,,
H2029,3.34255,,,0.02015,0.09834,,39.5348,,,,,,,0.05385,,,1.21297,0.03771,
H2029,0.11316,0.02317,,0.4259,0.68196,,42.6157,,,,,,,0.06648,,,,0.01093,
H2029,0.11743,,,0.00677,,,46.3665,,,,,,,0.19137,,,,,
H2029,1.25549,,,,1.61728,,10.0893,0.86434,,,,,,,,,,,
H2029,,,,,0.09168,,22.1747,,,,,,,0.01485,,,,,
H2029,,,,,0.58929,,14.8393,,,,,,,,,,,,
H2029,0.32344,,,,0.85601,,66.9454,,,,,,,,,,,,
H2029,,,,,,,,,,,,,,,,,,,
H2029,0.501,0.0051,0.01117,,,0.02042,,,,,,,,0.02631,,,,,
H2029,,,,,0.30595,,,,,,,,,,,,,,
H2029,,0.6906,,,,,,,,,,,,,,,,,
H2029,0.11853,0.03967,0.03155,0.02094,,,,,,,,,,0.02367,,,,,2.39395
H2029,0.16621,0.02194,0.02773,0.01832,,0.01617,23.8564,,,,0.00853,,,0.60835,0.00337,,0.05799,0.19347,
H2029,0.46739,0.00246,0.0144,0.01146,,0.02523,0.10444,0.03265,,,0.20136,,,0.08462,,,0.04736,,
H2029,0.02436,0.01297,0.01538,0.0651,,0.00625,,0.00897,,,0.0599,,,0.29526,,,,,
H2029,8.28133,0.00198,0.04261,0.00719,,,,0.01415,,0.06085,0.00579,,,,,,,,
H2029,0.7934,,0.0436,0.00135,,,8.67084,0.02048,,0.0028,,,,,0.00098,,0.03404,0.0095,
H2029,0.16545,0.00631,,0.08542,,,73.1756,,,,0.05094,,,1.13076,,,,,
H2029,7.75799,,0.06087,0.00283,,0.00115,24.9344,0.06783,,,,0.00906,,0.01366,,,,0.03183,0.77284
H2029,4.03227,,0.01703,0.00101,,,77.5737,0.01359,,,0.012,,,0.0076,,,,,
H2029,3.34257,0.02818,0.3019,0.01817,,,,,,0.05728,,,,0.10718,0.00556,,,0.00433,
H2029,1.50637,0.00719,,0.00317,,,0.10094,0.01073,,0.09455,0.4318,,,,0.00333,,,0.06598,
H2029,0.62458,0.00326,0.02627,0.06859,,,4.6813,0.02338,,,,,,0.27315,0.01352,,,0.01289,
H2029,4.93111,0.00737,0.05376,0.24726,,0.00035,0.15395,0.05025,,0.0505,,,,0.00173,0.00483,,,0.01668,
H2029,0.44503,,0.01311,,,0.01366,,0.03282,,,,,,,,,,0.03604,
H2029,7.5349,,,0.76455,,,62.7541,,,0.52185,,,,0.14132,0.00479,,0.04899,,
H2029,0.03749,0.28913,0.00386,2.7813,0.28851,0.00918,25.0457,,,,,,0.04885,5.88254,0.1086,,0.0695,0.01573,
H2029,3.87082,,0.0407,0.21823,,0.00948,1.90883,0.04863,,0.03772,0.12333,,,0.35835,,,,,0.2574
H2029,0.96863,0.13351,,0.64073,,,,,,0.06522,0.13979,,0.00074,3.65526,0.00871,,,,
H2029,0.50052,0.00553,0.0582,0.27405,,0.03083,0.00544,0.01439,,,0.09423,,,0.16343,0.00481,,0.09786,0.08017,
H2029,0.29785,0.02278,0.02647,0.07828,0.01452,0.01468,,,0.00743,,0.10869,,,0.11585,0.00287,,,0.02545,
H2029,8.97091,0.00664,0.00269,0.05165,,,,0.00789,,,0.08945,,,0.48735,,,,0.00335,
H2029,4.26721,,,0.00964,,,56.6161,0.03622,,0.01273,,,,0.18385,,,,0.05391,2.34709
H2029,0.17623,0.03154,0.09247,0.0166,1.28655,0.14763,,0.06278,,,,,,0.07025,,,,0.73444,
H2029,0.58898,0.17115,,6.93799,0.0024,,0.0077,,,0.08377,,0.08489,0.06109,2.12999,0.08097,,20.6721,,
H2029,1.16168,0.24686,0.061,,,,0.07547,0.00169,0.00681,0.14602,0.06231,,,0.00639,,,,,
H2029,0.11307,0.01393,0.0587,0.11113,,0.03633,18.1329,0.06657,,,0.09905,,,0.06424,,0.00323,,0.03093,
H2029,1.56252,0.0045,0.05131,0.00211,,0.01321,14.3357,0.24344,,,0.34954,,,,,,,0.16251,2.86357
H2029,2.51787,0.00185,0.00662,,,,50.0856,0.01089,,,0.26661,,,0.01842,,,,0.18292,
H2029,16.1753,,0.0355,0.12619,,,,0.02,,0.01111,,,,0.25517,,,,,
H2029,0.00214174,0.148851,0.0396222,0.0342678,0.00535435,,0.02463,0.0203465,0.00214174,0.00321261,0.00428348,0.00214174,0.0342678,0.0321261,0.0342678,0.0214174,0.0471183,0.00214174,0.0107087
H2029,0.000567064,0.000283532,0.0467828,0.0070883,0.0201308,0.000283532,6.23884,0.785667,0.00368591,,0.00311885,0.0396945,0.00226826,0.00141766,0.0326062,0.00311885,0.0686147,0.149705,0.0167284
H2029,,0.000349683,0.083924,0.000349683,0.0202816,,6.70693,1.52497,0.00139873,,0.0041962,0.0020981,0.000699367,0.000349683,0.0188829,,0.000699367,0.0384652,0.0020981
H2029,,,0.0482826,0.00259235,0.000324044,0.00226831,4.73461,9.99579,0.000324044,0.000324044,0.0129618,0.00453662,0.000972132,0.000972132,0.0136099,0.000324044,0.0311082,0.00583279,0.00162022
H2029,,0.000276375,0.0444964,0.000276375,0.006633,,4.18764,1.79091,0.002211,0.00055275,0.00248738,0.0113314,0.00138188,,0.00829125,0.00138188,0.0820834,0.00055275,
H2029,0.00263467,0.0101333,0.0174293,,7.82354,0.0691093,1.99404,0.998944,0.000202667,0.00466133,0.008512,0.012768,0.00101333,0.000405333,0.00648533,0.034656,1.43914,0.0715413,0.0403307
H2029,0.00128803,0.00515213,0.0212525,,0.492673,0.0148124,8.99015,3.75365,,,0.00418611,0.177749,0.00193205,0.000644017,0.0128803,0.00869422,0.407663,0.0148124,0.00354209
H2029,,0.000206331,0.311766,0.000618993,0.0396156,,8.5844,0.253581,0.00247597,0.000206331,0.00165065,0.00371396,0.00165065,0.000206331,0.213553,0.000825324,0.0815008,0.00350763,0.00185698
H2029,0.00720114,0.00297978,0.0193686,0.00148989,3.15708,0.0196169,9.37514,1.13356,0.00049663,0.000993261,0.00869103,0.00720114,0.00223484,0.00273147,0.0178787,0.0032281,0.337957,0.0101809,0.0114225
H2029,,0.000668194,0.0446019,0.000501145,0.574145,0.000167048,2.61631,12.8535,0.00116934,0.000167048,0.00367506,0.00985585,0.000835242,0.000668194,0.0170389,0.000835242,0.0678216,0.0143662,0.00133639
H2029,,0.033935,0.0226233,0.0258552,,0.00323191,0.0290871,0.158363,0.00161595,0.150284,0.0807976,0.00323191,0.00323191,0.0743338,0.00323191,0.00807976,0.00161595,,
H2029,0.00255944,0.0166364,0.0115175,0.00127972,,,0.0102378,0.0499091,,0.0127972,0.18556,0.0102378,0.00255944,0.00255944,0.00127972,0.00511889,0.00255944,,
H2029,,0.00456565,0.013697,0.00608754,0.00152188,,0.10501,0.0563097,0.00913131,0.0715286,0.917696,0.00456565,0.00456565,0.00456565,,0.00152188,0.0684848,,
H2029,,0.00785592,0.0098199,0.0373156,0.00392796,,0.0490995,0.108019,,0.0314237,0.728637,0.00392796,,0.129623,,0.00196398,,,
H2029,,0.00379082,0.00758164,0.100457,,,0.0208495,0.248299,,0.0132679,1.05385,0.00379082,,0.121306,,0.00568623,,,
H2029,,0.00144217,0.00288434,0.0648976,,,0.0576868,0.233631,,0.00144217,1.27776,,,0.0230747,,,,0.00288434,
H2029,,0.00377183,0.0150873,0.125728,,,0.0188591,0.095553,0.00125728,0.00377183,1.43958,0.00125728,0.00502911,0.0603493,0.00125728,,,,
H2029,,0.0144869,0.0130382,0.0391146,,,0.0202816,0.0521527,,0.0130382,0.149215,0.00144869,0.00434606,0.0188329,,0.00434606,0.00289738,,
H2029,0.00766754,0.0134182,0.017252,0.00191688,0.00191688,0.00383377,0.130348,0.230026,,0.00191688,0.362291,0.00766754,0.00191688,0.00575065,,,0.00191688,0.00191688,
H2029,,0.0227883,0.0118895,0.0317055,,,0.00693557,0.033687,,0.00495398,0.107006,0.00396318,0.000990796,0.119886,,0.00792636,0.00198159,0.000990796,
H2029,,0.0124087,0.00992695,0.00413623,0.000827246,,0.00165449,0.0115814,0.00248174,0.000827246,0.00330898,0.00661797,0.000827246,0.000827246,,0.00496348,0.00165449,,0.000827246
H2029,,0.000736366,0.00736366,0.0780548,,,0.0243001,1.90351,,,2.26874,,0.0022091,0.000736366,,,0.000736366,,
H2029,0.00537615,0.00134404,0.00179205,0.00134404,1.19485,0.000448013,0.0864664,0.0851224,0.00134404,0.000448013,0.0277768,0.00224006,0.000896025,0.00672019,0.000448013,0.00537615,0.00313609,0.0143364,0.000448013
H2029,0.0038361,0.00191805,0.00685018,0.00274007,1.4969,0.000822021,1.84434,0.117275,0.0260307,0.00219206,0.106863,0.00657617,0.000822021,0.0221946,0.000548014,0.00219206,0.00137004,0.00876823,
H2029,0.0306117,0.000979573,0.00293872,0.00122447,0.7817,0.00391829,1.68438,0.0876718,0.0546112,0.000244893,0.406523,0.00146936,,0.025224,0.000244893,0.00416319,0.0073468,0.0222853,
H2029,,0.00233204,0.200166,0.00272071,,0.000388673,0.425596,35.1403,0.00155469,0.000388673,0.00699611,0.00583009,0.00116602,0.000777345,0.00349805,0.00505274,0.403831,0.00155469,
H2029,0.000676105,0.00676105,0.013184,0.00574689,,0.0125079,0.494909,5.7638,,0.00338053,0.00540884,0.00540884,0.00202832,,0.00135221,0.0158885,0.00473274,0.0311008,0.000676105
H2029,0.147357,0.00494485,0.0538989,0.00197794,,0.0158235,0.265786,9.09952,0.00148346,0.00222518,0.00222518,0.385204,0.00197794,0.000247243,0.0017307,0.026455,0.0902436,0.0210156,0.00123621
H2029,0.000375322,0.00450386,0.0146376,0.00600515,,0.000375322,0.561857,0.50706,,0.000375322,0.0457893,0.556602,0.00150129,0.00112597,0.00150129,0.0146376,0.217687,0.0562983,0.00750644
H2029,0.000814442,0.00447943,0.0309488,0.00407221,,,0.827473,3.2032,0.00122166,0.000407221,0.0101805,0.251255,0.000814442,0.000407221,0.00122166,0.00366499,0.0142527,0.106285,0.0122166
H2029,0.000437344,0.000874688,0.00131203,0.015307,0.000437344,0.000437344,33.2285,0.470582,0.00437344,,0.0341128,0.000874688,0.000437344,0.00262406,0.00262406,0.000437344,0.0441717,0.283399,0.143449
H2029,,0.000461572,0.00646201,0.00276943,,,9.99072,2.87929,0.00138472,0.000461572,0.00230786,0.0263096,,0.000461572,,0.000461572,0.00230786,0.134779,0.0512345
H2029,0.00172339,0.0031021,0.0413613,0.0627314,,0.00241274,6.81876,12.2081,0.00172339,0.00137871,0.00758291,0.0031021,0.000344678,0.0062042,,0.00379146,0.0355018,0.132701,0.0275742
H2029,0.103941,0.0010999,0.00824928,0.0175985,0.545828,0.00467459,0.0879923,0.125939,0.092392,0.00164986,0.11989,0.00192483,0.000549952,0.0866175,0.00137488,0.00357469,0.00247478,0.0057745,
H2029,,0.00752474,0.0109977,0.000578826,,0.000289413,0.273785,2.12892,0.000868239,0.00144706,0.0147601,6.26637,0.00115765,0.000289413,0.0101295,0.0141812,0.313145,0.00955063,0.000868239
H2029,,0.00183281,0.0748398,0.00152734,,,1.22493,2.49232,0.000916405,0.000305469,0.0644539,0.318604,0.000610937,0.000916405,0.00397109,0.0048875,0.0943898,2.40801,0.00885859
H2029,0.00649301,0.00236109,0.00118055,0.00177082,0.488746,0.000590273,1.27912,0.0501732,0.0177082,,0.0424997,0.000590273,,0.00413191,,0.000590273,0.00413191,0.00708328,
H2029,,0.00778246,0.0124519,0.0202344,,,0.00466948,0.00155649,0.00233474,,0.00311299,0.0194562,0.00700422,0.00389123,,0.00311299,0.000778246,,0.000778246
H2029,,0.0419922,0.0101799,0.00890744,,0.0114524,0.00763495,0.0101799,,0.072532,0.00127249,0.0178149,0.00890744,0.0203599,0.00381747,0.0152699,0.00381747,,
H2029,0.0242915,0.0377868,0.031489,0.00809717,,,0.0062978,0.0251912,0.000899685,0.0188934,0.0503824,0.150247,0.0116959,0.0224921,,0.0125956,0.00179937,0.000899685,
H2029,0.00692118,,0.0207635,0.047064,0.00138424,,0.0249163,0.373744,,0.0207635,0.819468,0.00830542,0.00138424,0.120429,0.00276847,0.00968965,,0.00138424,
H2029,,0.0154066,0.0374161,0.0726312,,0.0198085,0.0286123,0.147463,,0.0110047,0.0462199,,0.0176076,0.110047,,0.00880379,0.0154066,0.00220095,
H2029,0.00128236,0.0243649,0.0205178,0.028212,,,0.0307767,0.0615535,0.00897655,0.00769418,0.150037,0.00256473,0.00128236,0.0153884,,0.00384709,,,
H2029,,0.0338031,0.0390036,0.0403037,,0.00260024,0.022102,0.101409,,0.00910084,0.413438,0.0182017,0.00520048,0.497946,0.00390036,0.00780072,,0.00390036,
H2029,0.00830022,0.0207505,0.0238631,0.00830022,0.00103753,,0.0228256,0.0560265,0.00311258,0.0166004,0.0830022,0.00311258,0.00207505,0.0103753,,0.0145254,0.00415011,0.00103753,
H2029,0.0211981,0.0438094,0.0310906,0.00706604,,0.0127189,0.0113057,0.107404,,0.125776,0.40983,0.00565283,0.00989246,0.0113057,,0.0141321,0.0127189,,
H2029,0.00281167,,0.0393634,0.0618568,,0.00281167,0.01687,1.50425,,0.0253051,0.13496,,0.00562335,,0.00562335,,0.00562335,,
H2029,0.00102028,0.000510138,0.00382603,0.0033159,0.431066,,1.35008,0.0716743,0.00204055,,0.312459,0.0081622,0.00561151,0.00178548,0.000255069,0.00612165,0.00510138,0.0196403,
H2029,0.00174314,0.000435785,0.000435785,0.0745192,4.11686,,10.1852,0.0714687,0.00479363,,0.0980516,0.00087157,,0.437528,,,0.000435785,0.00610099,0.000435785
H2029,0.00597409,0.00796546,0.0169266,0.0139395,,0.00796546,15.0255,2.35246,0.000331894,0.00763356,0.00232326,0.0112844,0.00597409,0.000331894,0.00132758,0.00398273,0.290739,0.0142714,0.0053103
H2029,0.00244842,0.00122421,0.000244842,0.000489684,9.98636,0.00538652,0.0543549,0.101609,0.00783494,0.00612104,0.00391747,0.000979367,0.000734525,0.00195873,0.000734525,0.0029381,0.00146905,0.00171389,
H2029,0.0243565,0.000619233,0.000206411,0.000412822,6.4231,0.000825645,0.0850414,0.0359155,0.000619233,0.0158937,0.0276591,0.00103206,0.00247693,,0.00536669,0.00454105,0.00165129,0.00474746,0.000206411
H2029,0.0195157,0.00240605,0.00160403,0.0216545,4.24454,0.000267339,1.33081,0.0748549,0.00160403,0.00320807,0.116025,0.00133669,0.00213871,0.00855485,0.00187137,0.00908952,0.000802017,0.0243278,
H2029,0.0961493,0.00068191,0.00750101,0.00102286,1.60624,0.00306859,0.371982,0.120698,0.199459,0.0136382,0.16059,0.00272764,0.00238668,0.0388688,,0.00272764,0.0037505,0.015002,
H2029,0.0778243,0.000451156,0.00135347,,4.14454,0.0060906,0.311297,0.0248136,0.10151,0.00180462,0.178432,0.000676733,,0.00135347,0.00112789,0.00315809,0.00924869,0.0216555,
H2029,,,0.0236323,0.826056,,,0.038671,0.301849,0.00214839,,3.36545,0.0461904,0.0204097,0.00322258,0.00107419,0.00859356,,,
H2029,0.00114838,0.0195225,0.0172257,0.0264128,,,0.0126322,0.024116,,,0.0757932,0.0424902,0.00344515,0.0333031,0.00344515,0.00803868,0.00114838,0.00114838,
H2029,,0.00476957,0.00715436,0.00596196,,,0.088237,0.171705,,,3.70953,0.00715436,0.00119239,0.00953914,0.00357718,0.00119239,0.00238479,,
H2029,,0.118357,0.015003,0.140028,,,0.118357,0.003334,0.003334,0.001667,0.401747,,0.001667,0.215043,0.001667,0.003334,,,
H2029,,0.000921982,0.00553189,0.0202836,,,0.0239715,0.346665,0.000921982,,2.03297,0.00829784,,0.00368793,,,0.000921982,,
H2029,,,0.00269003,0.0251069,,,0.0197269,0.166782,,,0.843772,0.00896676,,0.00538006,,,0.000896676,,
H2029,,0.00117385,0.0117385,0.0187815,0.00117385,,0.00704308,0.74774,0.00821693,,6.93861,0.00234769,0.00234769,0.00586923,,,0.00234769,,
H2029,,,0.00521088,0.00833741,,,0.0521088,0.647192,0.00416871,,3.0171,0.00208435,0.00104218,0.00312653,,,,,
H2029,0.000476772,0.0128728,0.00905866,0.0143032,,,13.3692,0.57594,0.00143032,0.00143032,0.000476772,0.110611,0.000953543,0.00286063,0.000476772,0.00190709,0.0033374,0.113948,0.0181173
H2029,0.00228829,0.00196139,0.0107877,0.0212484,,0.00326899,21.1494,4.89466,0.000326899,0.000326899,0.000980697,0.000980697,0.000980697,0.0013076,0.000653798,0.00326899,0.00751867,0.0918586,0.0176525
H2029,,0.00127309,0.0331004,0.00222791,,0.000636545,31.6968,0.704019,0.00159136,0.000318273,0.0894346,0.0289628,0.000318273,0.00922991,0.000636545,,0.00477409,2.37654,0.0690652
H2029,0.00155565,0.00062226,0.0062226,0.00684486,,0.00062226,3.96566,0.383623,0.00155565,0.00031113,0.0395135,0.559723,0.00186678,0.0236459,0.0031113,0.0031113,0.0220902,0.165832,0.0242681
H2029,,,0.0178788,,,0.00278114,2.53601,13.9554,0.000794613,,0.140646,0.00754882,0.00357576,0.00317845,0.000397306,0.00397306,0.0198653,0.088202,0.00874074
H2029,0.000299701,0.000299701,0.0836165,0.0014985,,0.0101898,4.64926,2.75185,0.000599402,0.000299701,0.0941061,0.0173827,0.000899103,0.0194806,0.000899103,,0.0383617,0.168732,0.0146853
H2029,0.00240618,0.00106941,0.01818,0.00641648,,0.0203188,28.5434,0.343549,0.000267353,0.00080206,0.089296,0.012833,0.00080206,0.556897,0.01818,0.00668383,0.752599,0.647797,0.0844836
H2029,,,0.0844589,0.000623313,,,1.67453,0.0994184,0.000311657,,0.00592148,0.00903804,0.00249325,,0.0373988,0.00186994,0.00779141,0.00623313,0.000623313
H2029,,0.000509367,0.0117154,,0.00280152,,8.30905,1.0195,0.000509367,0.000254684,0.00178279,0.0300527,0.00254684,,0.0208841,0.0119701,0.445951,0.0206294,0.000764051
H2029,0.000308213,0.00123285,0.0542455,0.00184928,,0.00462319,13.1527,0.362458,0.00277392,0.00154106,0.170134,0.00400677,0.00184928,0.0465402,0.00678068,0.00215749,0.297117,0.113731,0.0721218
H2029,,0.0101921,0.00780669,0.000216852,0.000216852,0.0091078,4.00982,0.488352,0.00108426,0.00997521,0.0045539,0.216636,0.00195167,0.00108426,0.0284077,0.0281908,0.160471,0.0160471,0.00346964
H2029,,,0.041443,0.00294519,,0.00021037,4.99756,0.417796,0.00231407,,0.0241926,0.0193541,0.00483852,0.00021037,0.114652,0.000841482,0.00799408,0.100767,0.00841482
H2029,,0.0144043,0.0126038,0.00540161,5.77432,,0.0252075,0.367309,0.00540161,,0.00540161,0.00900268,,,,0.0198059,1.97159,0.00720215,0.00540161
H2029,,0.00139107,0.0111286,0.00278214,0.111286,,0.0166929,0.612072,0.00278214,0.00139107,0.057034,0.00139107,,,0.00139107,0.00278214,0.261522,0.00278214,0.0945929
H2029,,0.00880406,0.0105649,0.00176081,0.862798,,0.0140865,0.253557,0.00528243,,0.0158473,0.00352162,,,,,0.165516,0.00176081,0.128539
H2029,,0.00695834,0.020875,,0.441854,,0.0313125,0.734105,0.0156563,,0.0243542,0.00173958,,,0.00173958,0.00869792,0.694094,0.00521875,0.0852396
H2029,,0.0127508,0.00850051,0.00141675,0.034002,,0.00566701,0.0963391,0.011334,,0.111923,0.017001,,0.0028335,,,0.0453361,0.0028335,0.252182
H2029,,0.00460031,0.0153344,0.00306687,0.538236,0.00153344,0.0153344,2.06094,0.00153344,,0.0475365,0.0107341,,,,,0.211614,0.00306687,0.0935396
H2029,,0.00270354,0.0135177,0.00675886,0.804304,,0.0162213,1.93168,0.00405531,,0.0310907,0.0094624,,0.00135177,,0.00135177,0.158157,,0.0459602
H2029,,,0.00968687,0.00484344,0.0181629,,0.0145303,0.0520669,0.0108977,,0.205846,,0.00121086,0.00726515,,,0.0508561,0.0145303,0.145303
H2029,,0.00383465,0.0115039,0.00383465,0.947159,0.00575197,0.0210906,1.00851,,,0.0287599,0.0383465,0.00191732,0.0172559,,0.0076693,0.308689,0.0115039,0.0153386
H2029,,0.00619425,0.0325198,0.00774281,2.88188,,0.0170342,0.257061,,0.00154856,0.0123885,0.0975595,0.00154856,0.00309713,0.00309713,0.00464569,0.22609,0.00154856,0.00774281
H2029,0.0130045,0.00181457,0.108874,0.0136093,,0.0136093,0.153936,4.65983,0.000907287,0.0244968,0.00816559,0.322994,0.000907287,0.016936,0.0157263,0.00574615,0.00786316,0.42703,0.00665344
H2029,0.00645109,0.00564471,0.0600758,0.000403193,,0.00201597,0.284654,1.99944,0.000806387,0.00927345,0.00403193,4.94678,0.00322555,,0.014515,0.093944,0.0887025,1.80308,0.0221756
H2029,0.00347021,0.000771159,0.0886832,0.00269906,0.0019279,0.000771159,0.647773,14.3096,0.00115674,0.00462695,0.0131097,0.0593792,0.00347021,0.00539811,0.00347021,0.00424137,0.00655485,1.21689,0.0327742
H2029,0.000331547,,0.0106095,0.00232083,0.000165773,0.000165773,0.0573576,20.0878,0.000663094,,0.00513898,0.00480743,0.00265237,0.00712826,0.00994641,0.000828867,0.00049732,0.393712,0.0377963
H2029,0.00308314,0.00102771,0.182419,0.00282622,,0.00231236,0.249992,6.16552,0.00205543,0.000770786,0.00436779,0.132318,0.000770786,0.000256929,0.00385393,0.00308314,0.0184989,0.66673,0.00976329
H2029,0.00677158,0.000307799,0.0261629,0.000307799,0.000307799,0.00400139,0.305029,10.4233,0.00246239,0.000923398,0.0289331,0.0563273,0.000923398,0.0012312,0.0018468,0.00246239,0.0227771,2.76989,0.301028
H2029,0.00256051,0.00256051,0.0793758,0.000640127,0.00128025,0.000640127,1.49086,9.54173,0.000640127,0.00192038,0.00320064,1.29306,0.00192038,,0.0115223,0.0320063,0.0307261,1.21752,0.0332866
H2029,0.000404099,,0.145476,0.000808198,,,0.662319,1.20502,0.000808198,,0.00484919,0.147496,0.0012123,,0.00646559,0.00282869,0.00646559,3.33018,0.0129312
H2029,0.00048564,,0.145206,0.00582768,,,2.22374,5.3974,0.00194256,,0.0179687,0.0723603,0.000971279,0.00194256,0.000971279,0.000971279,0.00388512,0.101013,0.00194256
H2029,0.00165784,0.0041446,0.0323279,0.00124338,,0.00041446,0.466267,1.65577,0.000828919,0.0198941,0.00290122,1.21768,0.00124338,,0.00621689,0.0165784,0.0128482,0.0484918,0.00580244
H2029,,0.0167971,0.0195966,0.236559,,,0.0265954,0.0769866,,0.0475917,0.134377,0.0405929,0.00419927,0.478717,,0.00419927,0.0195966,0.00139976,
H2029,,0.000905207,0.00181041,0.00995727,0.000905207,,0.00543124,0.0325874,,0.00181041,0.174705,0.000905207,,0.00271562,,0.000905207,,,
H2029,,0.0134346,0.00610665,0.0280906,,,0.0158773,0.0793864,,0.0195413,0.979506,0.0085493,0.00122133,0.10992,,0.00488532,,,
H2029,0.00187383,0.00749534,0.00281075,0.0252968,,,0.133042,0.0477828,0.0421613,0.0131168,0.316678,0.0140538,,0.0140538,,0.000936917,0.000936917,,
H2029,0.00103381,0.0217099,0.00930425,0.0754678,,,0.00620283,0.0506565,,,0.0310142,0.00516903,0.00103381,0.0248113,0.00103381,0.00206761,,,
H2029,,0.0080837,0.03118,0.491951,,0.00115481,0.0334896,0.115481,,0.00461926,0.705592,0.00230963,0.00577407,0.83955,0.00115481,0.00115481,,0.00692889,
H2029,0.00232342,,0.00464684,0.188197,,,0.155669,0.0766729,,0.00464684,2.79275,,0.00464684,0.592472,,,,0.00232342,
H2029,0.00137336,0.0109869,0.0137336,0.049441,0.00137336,0.00549345,0.0206004,0.0741616,0.00137336,0.0508144,0.164803,0.0164803,0.00412009,0.278793,,0.00549345,0.00274672,,
H2029,,0.008831,0.008831,0.035324,,,0.008831,0.0838945,0.0044155,,1.17011,0.00220775,0.00220775,0.0596092,,,,,
H2029,0.0303498,0.0131956,0.023752,0.0131956,,0.00527823,0.0290303,0.068617,,0.0158347,0.352322,0.00131956,0.0105565,0.112162,,0.00791734,0.00263911,,
H2029,,0.00102778,0.00513888,0.0205555,3.45898,,0.782651,0.107916,0.00205555,0.00102778,0.041111,0.0128472,0.00256944,0.00565277,0.00102778,0.00565277,0.0344305,0.0262083,
H2029,0.00284995,0.00512992,0.00427493,0.00398993,13.9297,0.00341994,0.457987,0.0336294,0.0347694,0.000284995,0.0208047,0.00256496,0.000569991,0.0170997,0.00170997,0.00854986,0.0151048,0.00797987,
H2029,,0.0106387,0.0145073,0.0135402,0.000967155,,0.0522264,0.156679,0.00773724,0.00290147,2.82023,,0.00773724,0.209873,0.00193431,,0.00580293,,
H2029,,0.00092798,0.0129917,0.0129917,0.00835182,0.00092798,0.0389751,0.279322,0.00092798,,1.62396,,0.00092798,0.00092798,0.00092798,0.00092798,0.00371192,,
H2029,0.00102529,0.000683527,0.00205058,0.00444293,0.610048,,1.65003,0.138072,0.00170882,,0.514354,0.00170882,,0.00410116,0.000341763,0.00102529,0.00239234,0.0280246,
H2029,0.0214748,0.003014,0.00565125,0.006028,0.956945,0.00339075,1.43504,0.0870292,0.0772338,,0.334177,,,0.150323,0.0007535,0.0037675,0.001507,0.0116792,
H2029,0.00666255,0.00140264,0.00841586,0.00841586,0.549485,0.00140264,3.51292,0.10625,0.0501445,0.000350661,0.732179,0.0017533,,0.0424299,,0.0017533,0.00105198,0.0136758,
H2029,0.010667,0.00243816,0.00487632,0.0298675,0.506528,0.00152385,19.3877,0.154214,0.018591,0.000914311,0.682076,,,0.29837,0.00030477,0.00030477,0.00182862,0.0240769,
H2029,,,0.00137633,0.0137633,,,0.00756981,0.174106,0.00137633,,5.55143,,,0.00206449,,,,,
H2029,,0.0126369,0.0206785,0.00804163,,,0.0275713,0.137857,0.00689283,0.00344641,0.151642,0.0735235,0.00459522,,,0.00459522,0.00804163,,
H2029,0.000539687,0.00161906,0.00161906,0.254193,1.71486,,9.07295,0.0858103,0.000539687,,0.232605,0.00188891,0.00134922,0.100922,0.00107937,0.000809531,0.00377781,0.0286034,
H2029,0.0147419,0.000842393,0.0023587,0.0247664,1.04701,0.000168479,1.29063,0.0997394,0.00589675,,0.143544,0.00134783,0.000168479,0.00884513,0.000505436,0.00311686,0.00876089,0.0181115,
H2029,,0.0015621,0.0015621,0.0101536,0.000781049,,0.00702944,0.267119,,,0.49128,0.0015621,,0.000781049,0.00312419,0.00390524,0.00234315,,0.000781049
H2029,,0.00173105,0.000865524,0.0527969,,,0.00605866,0.142811,,,0.649143,0.00259657,,,,,,,
H2029,,0.000752712,0.00526898,0.0240868,0.00225814,,0.00752712,0.0421519,,,0.033872,0.0301085,0.00451627,0.000752712,0.000752712,0.000752712,0.0180651,,
H2029,,,0.00274607,0.00823821,,,0.0274607,0.367973,0.000915357,,0.567521,,,0.00366143,0.00183071,0.00274607,,,
H2029,,,0.00336567,0.036181,,,0.0286082,0.0479608,0.00168284,,0.108543,0.000841418,0.00168284,0.00336567,0.00757276,0.00168284,0.00168284,,
H2029,,0.0122303,0.00679459,0.00407675,,,0.0135892,0.110072,0.00271783,0.00135892,0.842529,0.0298962,,0.00543567,,0.0081535,,,
H2029,,0.00258216,0.0241001,0.0292644,0.000860719,0.000860719,0.0413145,0.0869326,,0.000860719,0.154929,0.00430359,0.00172144,0.00344287,0.000860719,0.00172144,0.000860719,,
H2029,,0.00324426,0.00432568,0.020547,0.00108142,,0.00865136,0.0421754,0.00324426,0.00108142,0.104898,0.00324426,0.00108142,0.00432568,0.0054071,,0.00108142,,
H2029,,0.00165138,0.00990827,0.023945,,,0.00908258,0.18,0.000825689,,0.807524,,,0.0858716,,,0.000825689,0.000825689,
H2029,,0.00776111,0.0261938,0.0135819,0.000970139,,0.0145521,0.121267,0.00194028,0.00194028,0.536487,0.00194028,0.00194028,0.00291042,,0.000970139,0.00194028,,
H2029,,0.0108987,0.0119886,0.00217974,0.00108987,,0.0141683,0.0697517,0.00980884,0.00217974,0.0980884,0.00326961,0.00217974,0.00217974,0.00217974,0.00653922,0.00435948,,
H2029,,0.000900122,0.0270037,0.0234032,,0.000900122,0.0081011,0.124217,,0.00360049,0.0783107,0.00630086,0.00360049,,0.00450061,0.000900122,,,
H2029,,0.0348922,0.0179176,0.0160315,,,0.00754425,0.0160315,0.00188606,0.00188606,0.00565819,0.0245188,0.00660122,0.00471516,0.000943031,0.0150885,0.0103733,0.000943031,
H2029,,0.0136666,0.0153749,,18.4499,0.00512496,0.0632079,1.78861,0.00683329,,0.0153749,0.00341664,,,,,0.297248,0.0153749,0.0273331
H2029,,0.00566926,0.0321258,,2.38865,0.0037795,0.0113385,1.17165,,,0.0321258,0.00755901,,,,,0.723775,0.00755901,0.0510233
H2029,,0.00852195,0.0136351,0.00340878,9.56674,0.0153395,0.00852195,1.35499,,,,0.00170439,,,,0.00340878,2.87872,,0.00681756
H2029,,0.00335599,0.0234919,0.00167799,2.66801,0.010068,0.0352379,1.80888,0.00671197,,0.0167799,,0.00167799,,,,0.332243,0.00671197,0.0402718
H2029,,0.0133143,0.00760818,0.00190204,3.70709,0.00570613,0.0228245,2.74275,0.00190204,,0.0133143,,,,,0.00951022,0.35378,0.00190204,0.0513552
H2029,,0.00232924,0.0174693,,6.9784,,0.0186339,0.251558,0.00349386,,0.00232924,,0.00349386,,0.00116462,0.00116462,4.4733,,0.00465848
H2029,,0.00937661,0.0187532,0.00937661,2.20975,,0.020316,0.664177,0.00312554,,0.00937661,,,,0.00156277,0.00156277,0.573536,,0.0234415
H2029,,0.0052512,0.0157536,0.0026256,29.2978,0.00787681,0.0249432,0.656401,,,0.0013128,0.00787681,,,,0.00656401,1.13032,,0.0013128
H2029,,0.0133198,0.00832487,0.00499492,1.82648,0.00332995,0.0532792,0.64268,0.0066599,,0.0249746,,,,0.00166497,,0.902416,0.00332995,0.0982335
H2029,,0.00112788,0.00451152,0.00338364,0.497395,,0.0124067,0.277458,0.0124067,,0.0563939,0.00112788,,,,,0.200762,0.00338364,0.377839
H2029,,0.0232319,0.031529,0.00663768,,,0.0132754,0.0149348,0.00331884,,0.00331884,0.0796522,0.0132754,0.00331884,0.00165942,0.0248913,0.00497826,,
H2029,,0.0404231,0.0151587,0.0117901,,,,0.016843,,0.00336859,,0.0421074,0.0101058,0.00673718,,0.0185273,,,
H2029,,0.0196599,0.0131066,0.0475114,0.00163832,0.00163832,0.0524264,0.0638946,,,0.135981,0.00491497,,0.0147449,0.00163832,0.00655329,0.0655329,0.00163832,
H2029,,0.012588,0.00801053,0.053785,0.00228872,,0.00686617,0.0640842,0.00114436,0.00114436,0.041197,0.0114436,0.00572181,,0.00228872,0.00343308,0.00686617,,
H2029,,0.00411616,0.0493939,0.00617424,0.335467,0.00617424,0.0205808,3.52961,0.00205808,,0.0493939,0.00411616,,,,,0.201692,0.0185227,0.0843812
H2029,,0.00206458,0.00619374,,4.93228,,0.00412916,0.871253,0.00309687,,0.0268395,0.00619374,0.00103229,,,0.00103229,0.291106,0.00206458,0.372657
H2029,,,0.0141833,0.00257878,9.47831,0.0103151,0.0322348,2.66259,0.00386817,0.00128939,0.00515756,0.0219196,,0.00128939,,0.00386817,0.0683377,0.0103151,0.0206303
H2029,0.00151943,0.0091166,0.0136749,0.00151943,11.7908,,0.0045583,0.372261,0.00303887,,0.00607773,0.00303887,0.00151943,,,0.00151943,0.290212,0.010636,0.0091166
H2029,,0.0289748,0.0619007,0.0144874,,0.00131704,0.0184385,0.110631,,0.00658519,0.03556,0.00395111,0.00263407,0.0223896,0.00131704,0.0171215,,,
H2029,,0.0304678,0.0160357,0.00160357,,,0.00641427,0.0160357,0.00320713,0.00641427,0.0208464,0.00160357,0.00160357,,,0.0224499,0.00320713,,
H2029,0.0194119,0.000554627,0.00194119,0.00277313,0.460063,0.00194119,0.676922,0.118135,0.0604543,0.00083194,0.0967823,0.00166388,,0.0263448,0.000277313,0.00305045,0.00693283,0.013311,
H2029,0.166902,0.000365213,0.00438255,0.00109564,0.505089,0.00365213,0.242501,0.139511,0.0792512,0.00255649,0.0704861,,,0.0467472,,0.00109564,0.00219128,0.0208171,
H2029,0.00204174,0.00272232,0.00136116,0.0197368,1.50885,0.00068058,1.61434,0.0455989,0.00136116,,0.333824,0.00136116,,0.0149728,0.00034029,0.00238203,0.00136116,0.0299455,
H2029,0.00726274,0.0021183,0.000907842,0.00453921,6.09586,0.000302614,0.147676,0.0656672,0.0021183,,0.353453,0.00151307,0.000302614,0.00544705,0.000605228,0.00181568,0.0021183,0.0269326,
H2029,0.0076741,0.000920892,0.00675321,0.0297755,0.914446,0.00214875,1.3399,0.169444,0.042361,0.00214875,0.0724435,0.00184178,0.000306964,0.0813455,0.00122786,0.000613928,0.0178039,0.0131995,
H2029,,0.00214338,0.00321507,0.0353657,2.58134,0.00250061,2.73852,0.260063,0.0210765,0.00285784,0.0882357,,0.00142892,0.134318,0.00321507,0.00214338,0.00107169,0.0110741,
H2029,0.0145224,0.0025135,0.0025135,0.0025135,0.880561,0.00893687,0.171476,0.0726121,0.0248557,0.00502699,0.128188,0.00223422,0.00418916,0.0471979,0.00335133,0.00837832,0.00446844,0.0262521,
H2029,0.0116951,0.00142623,0.00399345,0.0356558,1.82872,0.0042787,3.66741,0.169436,0.0119804,0.00228197,0.176282,0.00313771,0.000855739,0.285817,0.000570493,0.00114099,0.00142623,0.00599018,
H2029,0.00428735,0.000803878,0.00107184,0.0412657,1.22859,0.000535919,0.615503,0.185696,0.0401939,0.00214367,0.0300114,0.00107184,0.00160776,0.0803878,0.00267959,0.00214367,0.00375143,0.00428735,
H2029,0.0317304,,,0.049389,0.0355932,,3.82834,0.134095,0.221837,,0.732557,,,0.000275916,,,0.000275916,0.00441466,
H2029,0.000846606,0.00112881,0.00141101,0.0369685,2.28922,,1.90599,0.180892,,,0.106108,0.00112881,0.00141101,0.00620845,0.000846606,0.000282202,0.00141101,0.0124169,0.000282202
H2029,,0.00292218,0.00584436,0.00146109,,,0.0336051,0.0496771,,0.00292218,,0.0584436,0.0131498,0.00146109,0.00292218,0.048216,0.00146109,,
H2029,,0.0116641,0.0151634,0.00466565,0.256611,,0.0104977,0.479395,0.00233282,,0.0268275,0.00116641,,0.00116641,,0.00466565,0.053655,0.00583206,0.0373252
H2029,,0.0266833,0.0244597,,26.9479,0.011118,0.0155652,1.22298,,0.00222361,0.00444721,0.00222361,0.00222361,0.00222361,,0.00667082,0.231255,0.00667082,0.0222361
H2029,,0.0223368,0.0378007,0.00343643,2.12715,,0.00687285,1.02749,0.00171821,,0.0154639,,0.00343643,,0.00171821,0.00687285,0.231959,0.00171821,0.0360825
H2029,,0.0265393,0.0367467,0.00612445,9.1438,0.0102074,0.0306222,2.59268,,0.00204148,0.0163319,,,,,0.0122489,0.12453,0.00612445,0.0265393
H2029,,0.0170181,0.030942,0.0015471,6.86758,,0.0123768,0.467225,0.0015471,,0.015471,0.0139239,0.0015471,,,0.0030942,0.0665254,0.0015471,0.0139239
H2029,,,0.00304419,0.0157283,0.000507364,,0.00253682,0.0218167,0.00202946,,0.00304419,0.00913256,0.00152209,0.000507364,0.00202946,,0.000507364,,
H2029,,0.0260756,0.0160465,0.044128,0.00300873,0.00200582,0.0431251,0.0160465,0.00200582,,0.0140407,0.0230669,0.00902618,0.0260756,0.00100291,0.00902618,0.00100291,,
H2029,,,0.00496608,0.00620759,0.000620759,,0.00620759,0.0260719,0.0031038,0.000620759,0.031038,0.0111737,0.00124152,,,0.00124152,0.000620759,,0.000620759
H2029,,,0.00472769,0.0890381,,,0.0102433,0.257659,,,1.11022,0.0283661,,0.0110313,0.000787948,,0.0015759,,0.000787948
H2029,,0.0147682,0.0137134,0.0116036,,0.00316462,0.0242621,0.0327011,,0.00105487,0.00949387,0.135024,,0.00105487,,0.0179329,0.0369206,,
H2029,,0.00829721,0.0145201,0.0197059,,,0.0197059,0.177353,,0.00103715,0.469829,0.0238545,0.0020743,0.0041486,,0.0041486,0.0020743,,
H2029,0.00284538,0.0104331,0.0436292,0.0692376,,0.00379384,0.0256084,0.0322477,,0.00379384,0.321528,0.0275054,0.00948461,0.136578,0.00189692,0.0151754,,0.000948461,
H2029,,0.0139322,0.0428683,0.0407249,0.0267927,,0.0117888,0.107171,,0.00107171,0.171473,0.0568005,0.0203625,0.202553,0.00214342,0.00750196,0.018219,,
H2029,,0.0401667,0.0200833,0.00401667,0.00100417,0.00100417,0.0030125,0.0210875,0.00100417,0.0030125,0.00502084,0.121504,0.0130542,,0.00401667,0.0291209,0.006025,,
H2029,,0.0165078,0.0341162,,,0.0385183,0.0451214,0.025312,0.00770365,0.0209099,0.00330156,0.171681,0.0330156,0.00330156,0.00550261,0.027513,0.10565,,
H2029,,0.0362153,0.0253507,0.0048287,0.00120718,0.0229363,0.0120718,0.0253507,,0.0519085,0.0374224,0.00241435,,0.00241435,0.00362153,0.0301794,0.00241435,,
H2029,,0.0273289,0.00869554,0.00745332,,,0.00124222,0.0186333,,0.0062111,0.0236022,0.0062111,0.0062111,,,0.00372666,0.00124222,,
H2029,0.0121477,0.0701868,0.0215959,0.0458914,,0.0188964,0.010798,0.0148472,,0.0458914,0.0364431,0.010798,0.00539898,0.10393,0.00404924,0.0175467,,,
H2029,0.0197609,0.0241522,0.0197609,0.095511,,0.00878262,0.0406196,0.0307392,,0.00548914,0.0944132,0.00768479,0.00768479,4.6504,,0.0274457,0.00878262,0.00219565,
H2029,0.00223761,0.0302078,0.0190197,0.0190197,,,0.0123069,0.0179009,0.00223761,0.0145445,0.0637719,0.0111881,0.00895045,0.00783164,0.00111881,0.0190197,0.00335642,,
H2029,,0.0232516,0.010334,0.00516702,,,0.0111952,0.0206681,,0.00861171,0.0129176,0.00516702,0.00172234,0.000861171,,0.00688937,,,
H2029,,0.0261981,0.0241828,,7.04123,,0.0181371,0.916932,,,0.0181371,0.00201524,,,,0.0120914,0.0624723,0.00201524,0.0765789
H2029,,,0.00371284,0.413053,10.5811,0.000232052,0.304453,0.29842,0.0104424,0.000464105,0.0143873,0.000232052,0.000464105,0.0454823,0.00580131,0.000464105,0.000232052,0.000232052,
H2029,0.000781262,0.00156252,0.00494799,0.0203128,9.35379,,0.850534,0.240629,0.000520841,,0.0164065,0.00156252,0.00156252,0.00260421,0.00156252,0.0062501,0.00833346,0.00729178,
H2029,,,0.0256964,0.00171309,9.85199,0.00171309,0.0291226,0.570459,,0.00171309,0.00342618,0.0616713,,,,0.00342618,1.09295,0.00513927,0.00685237
H2029,,0.00122619,0.00183929,0.253209,10.2353,,0.399739,0.076637,0.000919645,,0.035253,0.000306548,0.000306548,0.0493543,,0.00214584,0.00245239,0.00551787,
H2029,0.0128954,0.00214924,0.00268655,0.0244476,9.61381,,1.03002,0.0276714,0.00107462,,0.0362684,0.00268655,0.00161193,0.00940291,0.000805964,0.00376117,0.00752233,0.0131641,
H2029,0.00682912,0.0032137,0.00642741,0.0156668,4.44254,,1.38591,0.0642741,0.000803426,,0.0261113,0.0032137,0.000803426,0.00562398,0.000401713,0.00200856,0.0124531,0.0136582,
H2029,0.00212937,0.00177447,0.000354894,0.00745278,9.9924,,0.213646,0.0748827,0.00141958,,0.0216486,0.00141958,0.000354894,0.00283915,0.000354894,0.00177447,0.0060332,0.0149056,
H2029,0.0325387,0.0026031,0.00195232,0.00390465,6.46252,0.00195232,0.110957,0.0549905,0.0458796,,0.0283087,,0.00130155,0.0146424,,0.0026031,0.0104124,0.00976162,
H2029,0.00238384,0.00510823,0.00578932,0.182875,0.120895,,24.6577,0.0572121,0.00102165,,2.53232,0.000681097,0.00817316,0.262563,0.0149841,0.000340548,0.00238384,0.00476768,
H2029,0.00183018,0.00671067,0.00457546,0.303505,0.157701,,29.9632,0.0350785,0.00122012,,2.93317,0.000305031,0.00732073,0.079613,0.0332483,0.000305031,0.000610061,0.00213521,
H2029,0.00386951,0.00105532,0.0147745,0.150207,2.29708,0.00703547,13.4205,0.166389,0.00105532,,2.88419,,0.00105532,0.10518,0.00844256,0.00246241,0.00140709,0.0105532,
H2029,,0.00458159,0.0183263,,0.112249,0.00458159,0.0412343,1.62875,0.00687238,,0.160356,0.00458159,,,,0.00687238,0.416924,0.0251987,0.167228
H2029,,0.00515367,0.0171789,0.00343578,0.503341,,0.0206147,0.549724,0.00858944,,0.0652798,,,,,,0.0962017,0.00515367,0.139149
H2029,,0.00228977,0.0080142,0.00114489,0.64686,,0.0137386,1.85013,,,0.040071,0.00457954,,0.00114489,,0.00114489,0.0709829,0.00114489,0.0228977
H2029,,0.00442664,0.0331998,,0.331998,0.00221332,0.0110666,1.6777,0.00442664,,0.0354131,0.0199199,,,,0.00221332,0.245678,0.0110666,0.0686129
H2029,,0.00158045,0.00948272,,19.8015,0.00948272,0.0379309,0.59267,0.00474136,,,0.0110632,,,,0.00948272,0.0410918,0.00632181,0.0142241
H2029,,0.00336729,0.0134691,,2.09109,,0.0185201,0.79468,0.0151528,,0.0572439,0.00168364,,,,0.00168364,0.348514,0.00336729,0.11112
H2029,,0.0018135,0.0054405,0.003627,4.8094,0.007254,0.0344565,0.962968,,,0.014508,0.007254,,,,,0.904936,0.0018135,0.010881
H2029,,0.00191655,0.00574966,0.00766621,0.0114993,,0.0249152,0.137992,0.00383311,,0.151408,,,0.00574966,,,0.0977442,,0.348813
H2029,,0.00833843,0.00833843,0.00138974,6.51231,,0.0166769,0.216799,0.00277948,,0.00138974,0.00694869,0.00138974,,0.00416921,,2.23331,0.00138974,0.00138974
H2029,0.00427277,0.00427277,0.0160229,,6.67407,,0.0138865,0.565074,,,0.00427277,0.0640916,,,,,0.703939,0.00213639,0.00106819
H2029,0.05149,0.07803,0.06673,,,,8.03464,,,,,0.20182,,,,,,,0.64006
H2029,,0.1018,,,,,,,,,0.09105,,,0.08575,,,,,
H2029,0.02934,0.08066,0.01782,,,0.70866,,,,,,0.08555,,,,,0.17639,,
H2029,,0.07709,0.03665,,,0.51974,,,,,,0.02367,,,,,,,
H2029,0.11105,0.01019,,,,0.01278,,,,,,,,0.18185,,,,,
H2029,0.67299,,,,,,,,,,0.04164,,,,,,,,
H2029,1.7649,0.0143,,,,,,,,,0.00673,,,,,,,,
H2029,,,,0.02748,,0.042,,,,,0.00462,,,1.36942,,,,,
H2029,0.04696,,,0.09266,,,,,,,0.06939,,,0.16125,,,,,
H2029,,,,,,,,,,,0.06033,,,,,,,,
H2029,0.16032,,,,,,0.0574,,,,0.04648,,,,,,,,
H2029,,,,0.01007,,0.01904,,,,,0.1002,,,0.19515,,,,,
H2029,0.88981,0.00319,,,6.98195,0.0312,0.09597,,,,,,,,,,,0.1109,
H2029,0.76447,,,,2.11606,,,,0.00269,,,,,,,,,,
H2029,0.50827,0.18952,0.24078,,,0.13068,0.13988,,,0.00563,,0.01192,,,,,0.2896,,0.2026
H2029,0.1311,0.02917,0.0236,,,0.06555,0.38018,,0.00103,,0.00373,,,,,,0.03245,0.12417,0.61984
H2029,0.12982,0.01494,,0.03282,,0.00434,25.0016,,,,,,,0.01527,,,,0.08051,1.04672
H2029,0.28403,0.23569,0.14272,,,0.07311,2.85672,,,,,0.18468,,,,,,,0.05983
H2029,,0.12918,,,,0.05963,0.98776,,,,0.09257,0.27985,,,,,0.63669,,0.07
H2029,5.56084,0.18226,0.20611,,,0.52692,0.25957,,0.01026,,,0.35072,,,,,,,
H2029,0.23674,0.16598,,,,0.26879,1.25944,,,,,,,,,0.01356,,,
H2029,,0.26055,0.42698,,,0.04657,0.19939,,,,,,,,,,2.45094,,
H2029,,,0.15655,,,,2.38117,,,,,,,,,,0.17697,0.41874,
H2029,0.06315,0.55694,0.01475,,,0.05593,0.86964,,,,,0.50717,,,,,1.77425,,
H2029,,,,,6.89201,0.23259,,,,,,,,,,,1.4605,,0.0431
H2029,,,,,0.14036,,,,,,,,,,,,0.12674,,0.80141
H2029,,,,,0.67025,,,,,,,,,,,,0.01251,,0.69468
H2029,,,,,,,,,,,,,,,,,0.00823,,2.38675
H2029,,,,,0.05347,,,,,,,,,,,,,,3.99534
H2029,,,,,0.60507,,,,,,,,,,,,0.0088,,1.79976
H2029,,,,,0.85652,0.04673,,,,,,,,,,,0.06241,0.0281,0.71425
H2029,0.04705,,,,2.93408,0.11649,,,,,,0.03745,,,,,0.16398,,0.15254
H2029,,,,,0.54243,0.06226,,,,,,,,,,,,,1.16431
H2029,,,,,1.04605,,,,,,,,,,,,,,0.46085
H2029,,0.12104,,0.06055,,,,,,,,,,0.05843,,,,,
H2029,0.23767,,,,,,,,,,0.01459,,,,,,,,
H2029,0.20753,0.00555,,,,,,,,,,,,,,,,,
H2029,,,,0.29181,,,,,,,0.00445,,,0.04398,,,,,
H2029,0.25059,,,,,,,,,,0.01528,,,,,,,,
H2029,,0.23808,0.07931,0.10792,,0.00323,10.1177,,,,,,,0.07919,,,,,0.92493
H2029,0.5102,0.26209,,,,,,,,,,,,,,,,,
H2029,,,,,,,,,,,0.13861,,,,,,,,
H2029,0.15227,,,,15.764,,,,,,,,,,,,,,
H2029,0.38329,1.05142,0.00938,0.02916,,0.18915,24.9227,,,,,,,,,,1.07337,,0.03203
H2029,0.14185,0.18091,,0.02801,,0.09407,31.6083,,,,,,,,,,,,0.29373
H2029,0.12264,0.50929,0.07146,0.0543,,0.03878,19.2902,,,,,0.40837,,0.02287,,,,0.03475,0.56976
H2029,0.41308,,,,,,,,,,,,,0.06156,,,,,
H2029,,0.16261,0.01358,,,,,,,,,,,1.38955,,,,,
H2029,0.69721,0.03003,,0.15268,1.84641,0.01603,0.6885,,,,,,,0.10383,,,,,
H2029,2.28195,,,,6.80921,0.04366,,,,,,,,,,,,,
H2029,0.31117,0.26284,0.1708,,,0.07833,0.31916,,,0.07885,,0.07089,,,,0.00778,0.11782,0.05072,0.17843
H2029,0.14887,,,,0.12202,,0.38764,,,,0.00451,,,,,,,0.12714,
H2029,0.04826,0.98249,0.08168,,0.51063,0.2992,3.4338,,,0.13418,,0.12211,,,,,3.58972,,
H2029,0.03645,,,0.45812,,,,,,,0.02982,,,0.55071,,,,,
H2029,0.08362,0.01156,,0.11195,,0.00557,,,,,,,,0.28719,,,,,
H2029,1.41353,,,,,,,,,,0.05661,,,0.01709,,,,,
H2029,0.23199,,,,,,,,,,0.03172,,,0.22578,,,,,
H2029,,,,,,,,,,,0.04775,,,,,,,,
H2029,,,,0.3045,,0.01449,,,,,,,,1.06055,,,,,
H2029,,,,,,0.01112,,,,,0.02341,,,0.3168,,,,,
H2029,,,,0.23645,,,,,,,0.18359,,,0.46573,,,,0.03384,
H2029,0.06463,,,0.00762,,,,,,,0.02746,,,0.17223,,,,,
H2029,0.0312,,,0.03665,,,,,,,0.21175,,,0.63508,,,,,
H2029,0.27737,0.85717,0.19145,,0.54901,0.25008,0.90052,,0.0441,0.52759,,0.02752,,,,,1.44243,,0.12831
H2029,0.11369,0.57388,0.45784,,17.7248,,2.52105,,,0.16387,,0.91045,,,,,0.05688,,
H2029,,0.69468,1.21645,,0.67796,0.04163,5.9487,,,0.37045,,,,,0.22447,,,,
H2029,0.21986,0.2024,,,10.2689,0.20674,12.5359,,,,,,,,,,0.01935,,
H2029,,1.30376,,,33.4883,1.36455,1.82185,,,0.60142,,,,,,0.07136,0.20902,,
H2029,0.08884,0.57309,0.05851,,3.06148,0.51527,2.96841,,,0.06593,,0.20201,,,,,0.12178,,
H2029,,1.31534,0.09396,,9.90092,0.18137,1.05486,,,0.19115,,0.02456,,,,,4.22836,,
H2029,,,0.05659,,0.46428,0.02927,,,,,,,,,,,,0.06204,0.10273
H2029,,,,,5.49142,,,,,,,,,,,,0.15054,,4.86659
H2029,,,,,1.78079,0.01074,,,,,,,,,,,0.19439,,0.94205
H2029,,0.00685,,,25.1723,0.20443,,,,,,,,,,,,0.06853,
H2029,,,,,9.94258,0.01223,,,,,,,,,,,0.61281,,
H2029,,,,,7.89196,0.05363,,,,,,,,,,,2.33593,,
H2029,,,,,0.99194,,,,,,,,,,,,0.02734,,1.47058
H2029,,,,,0.40335,0.06738,,,,,0.00659,,,,,,0.19957,,0.89892
H2029,,,,,,,,,,,,,,,,,,,3.63923
H2029,,0.0278,,,5.37796,0.04817,,,,,,,,,,,0.53762,,0.16102
H2029,,,,,0.56963,0.10448,,,,,,,,,,,0.69844,,0.12011
H2029,,0.00489,,,1.04705,,,,,,,,,,,,0.16012,0.04535,1.31529
H2029,,,,,1.46771,,,,,,,,,,,,0.36875,,2.15164
H2029,,,,,0.72763,0.00293,,,,,,,,,,,0.22474,,4.75661
H2029,,0.00422,,,2.55668,0.06958,,,,,,,,,,,0.28513,,0.33609
H2029,,0.00309,,,35.1411,0.07147,,,,,,,,,,,0.27204,,
H2029,,,,,2.94825,0.15275,,,,,,,,,,,0.1106,,0.8243
H2029,,,,,9.87024,0.01907,,,,,,,,,,,4.92607,,0.05204
H2029,,,,,10.4943,0.14641,,,,,,,,,,,1.54188,,
H2029,,0.00938,,,2.26152,0.05052,,,,,,,,,,,,,0.31134
H2029,,,,,,,,,,,,,,,,,,,
H2029,0.07491,0.12665,,0.04849,,,,,,,0.02705,,,,,,,,
H2029,,0.07448,0.01557,0.08499,5.69836,0.00595,0.35903,,,,0.04308,,,0.17409,,,0.046,0.06404,
H2029,,0.6102,,,,,,,,,,,,0.24418,,,,,
H2029,,0.28811,,,,,,,,,,0.1412,,,,,,,
H2029,0.09799,0.17979,,,,,,,,,,,,,,,,,
H2029,,0.28115,,,,0.05698,,,,,,,,,,,,,
H2029,,,,,,,,,,,,,,,,,,,
H2029,,0.16124,,,,,,,,,0.00578,,,1.36227,,,,,
H2029,0.71883,0.04766,,,12.913,,,,,,,,,,,,,0.07694,
H2029,0.20183,0.05323,,0.0133,16.5498,,0.0265,,,,,,,0.0664,,,,0.02384,
H2029,0.57892,0.08314,,0.11087,10.5082,0.05888,0.47787,,,,,,,0.08778,,,,,
H2029,,0.08545,0.00799,0.03482,29.7857,,0.29817,,,,,,,0.05656,,,,0.03108,
H2029,0.05816,0.1435,0.03303,1.13864,17.9335,0.096,0.26595,0.07639,,,,,,1.4546,,,,,
H2029,0.07148,0.05259,,0.32306,5.5018,0.12861,2.41538,,,,0.03783,,,0.29165,0.01026,,,0.0293,
H2029,,0.40163,,0.70295,0.20726,0.00383,6.79792,,,,0.06954,,,0.91179,,,,,
H2029,0.05732,0.31308,0.05254,,,0.25731,3.34368,,,0.1137,,,,,0.00251,,1.62887,,
H2029,0.08838,0.05551,0.0391,,,0.13825,11.0176,,,,0.0198,,,0.85033,,,0.99866,0.01309,0.25153
H2029,,0.34797,0.17302,,,0.04741,0.96416,,,0.03587,,0.03384,,,,,1.10683,,
H2029,0.02269,0.02483,,,,0.24237,,,,,,,,,,,,,
H2029,0.72102,0.07837,,,,0.25187,,,,,0.00905,,,0.04801,,,,,
H2029,,0.03976,,0.00769,,0.02551,,,,,0.19732,,,0.47582,,,,,
H2029,0.45318,,,,,,,,,,,,,,,,,,
H2029,1.33995,0.02726,,,,0.22011,,0.00957,,,0.03784,,,,,,,,
H2029,2.03766,0.03138,,,,0.00873,,,,,0.11579,,,0.26819,,,,,
H2029,3.64326,0.07368,0.05826,,,0.19864,,,,,,0.08005,,0.23383,,,,,
H2029,0.04312,,,,,,,,,,0.04009,,,0.00754,,,,,
H2029,0.33964,,,,,,0.19279,,0.00609,,0.03248,,,0.14301,,,,,
H2029,,0.92035,,,,0.31732,0.19224,,,0.23592,,,,,,0.03592,0.71498,,
H2029,,0.88329,0.09386,0.00137,,0.16934,4.09665,0.02187,,0.04154,0.03381,0.01,0.00799,0.01985,0.03315,,0.31378,,0.04006
H2029,,1.45649,,,,0.09369,0.0784,,,0.31264,,,,,,,7.15982,,
H2029,,0.20749,0.07899,,,0.04195,7.03722,,,,0.15743,,,0.13296,,,0.47349,,0.49189
H2029,0.03493,0.02809,,,,0.25053,3.65818,,,,0.01473,,,,,,0.20025,0.04372,0.09387
H2029,,0.0078,0.0925,,,0.53498,2.50623,,,,,,,,,,0.17411,0.00376,0.05153
H2029,,0.0519,,,,,,,,,,,,0.33905,,,,,
H2029,,0.00756,,,,,,,,,,,,0.02425,,,,,
H2029,,0.23452,,,,0.0978,,,,,,,,0.03494,,,,,
H2029,,0.19157,,,,0.19716,,,,,,,,,,,,,
H2029,,,,,12.0425,0.16393,,,,,,,,,,,0.25322,,0.13808
H2029,,,,,7.872,0.08437,,,,,,,,,,,,,
H2029,,,,,,0.10603,,,,,,,,,,,,,
H2029,,0.05787,,,,0.02401,,,,,,,,,,,,,
H2029,,0.14291,,,,,,,,,,,,,,,,,
H2029,,0.06271,,,,,,,,,,,,,,,,,
H2029,,0.49358,,,,0.0539,,,,,,,,,,,,,
H2029,,0.32857,,,,,,,,,,,,,,,,,
H2029,0.23109,0.18721,,,,,,,,,,,,,,,,,
H2029,0.42941,0.13121,,0.06015,5.60451,0.00859,0.85338,,,,0.01495,,,0.2915,,,,,
H2029,0.5195,0.01234,,0.01448,0.15968,,1.61529,,,,0.10194,,,0.12598,,,,0.00643,
H2029,0.2317,0.04887,,0.05938,3.53361,0.00874,0.24668,0.07518,,,,,,0.21314,,,,0.08048,
H2029,0.19454,0.0421,,0.12972,5.1127,0.02293,0.69302,,,,,,,0.78739,,,,,
H2029,0.08108,0.03378,0.00401,,0.64416,0.02927,,,,,,,,0.05207,,,,0.11905,
H2029,,0.17222,,0.09729,5.67771,0.02444,0.77067,,,,,,,0.35545,,,,0.10535,
H2029,0.11819,0.02981,,0.0145,1.3897,,0.33275,0.05199,,,0.01495,,,0.14588,,,,0.04138,
H2029,,0.05245,,0.88046,27.2102,0.18193,0.13032,,,,,,,0.30643,,,,,
H2029,0.8847,0.03521,,0.07833,27.2372,0.06226,0.36963,,,,,,,0.06358,,,,0.03686,
H2029,,0.21292,,,,0.24093,,,,,,0.06568,,,,,,,
H2029,0.07348,0.12268,,,33.6936,,0.07405,,,,,,,,,,,0.07018,
H2029,0.199,0.15885,,0.23267,0.07084,0.06508,6.24102,,,,0.03236,,,1.30157,,,,,
H2029,,0.09901,,,,,,,,,,,,,,,,,
H2029,,,,,1.94601,,,,,,,,,,,,0.20363,,0.2264
H2029,,,,,9.50394,,,,,,,,,,,,0.0103,,0.21671
H2029,,0.00431,,,8.00768,0.14093,,,,,,,,,,,0.00376,0.02195,0.37614
H2029,0.12375,0.00214,0.04986,0.00234,,0.02431,0.00532,0.00161,,,0.00694,,,,,,,,1.84278
